,75,45,62,55,16,35,60,70,65,30,22,25,20
89,,2914.0,,,,,,,,,,,
341,,135.0,,,,,,,,,,,
348,,135.0,,,,,,,,,,,
367,,54.0,,,,,,,,,,,
393,,54.0,,,,,,,,,,,
565,,5431.0,,,,,,,,,,,
616,,54.0,,,,,,,,,,,
718,,304.0,,,,,,,,,,,
932,,135.0,,,,,,,,,,,
977,,135.0,,,,,,,,,,,
1017,,54.0,,,,,,,,,,,
1063,,135.0,,,,,,,,,,,
1146,,54.0,,,,,,,,,,,
1410,,54.0,,,,,,,,,,,
1628,,135.0,,,,,,,,,,,
1661,,54.0,,,,,,,,,,,
1740,,54.0,,,,,,,,,,,
1742,,135.0,,,,,,,,,,,
1748,,135.0,,,,,,,,,,,
1763,,135.0,,,,,,,,,,,
1888,,103.0,,,,,,,,,,,
1946,,54.0,,,,,,,,,,,
2155,,1403.0,,,,,,,,,,,
2159,,54.0,,,,,,,,,,,
2226,,135.0,,,,,,,,,,,
2446,,766.0,,,,,,,,,,,
2473,,54.0,,,,,,,,,,,
2474,,54.0,,,,,,,,,,,
2684,,54.0,,,,,,,,,,,
2742,,20034.0,,,,,,,,,,,
2845,,103.0,,,,,,,,,,,
2874,,1342.0,,,,,,,,,,,
3032,,135.0,,,,,,,,,,,
3051,,135.0,,,,,,,,,,,
3091,,103.0,,,,,,,,,,,
3123,,54.0,,,,,,,,,,,
3170,,1342.0,,,,,,,,,,,
3207,,18170.0,,,,,,,,,,,
3340,,8171.0,,,,,,,,,,,
3379,,8171.0,,,,,,,,,,,
3505,,103.0,,,,,,,,,,,
3689,,54.0,,,,,,,,,,,
3695,,54.0,,,,,,,,,,,
3764,,12285.0,,,,,,,,,,,
3815,,54.0,,,,,,,,,,,
4007,,8353.0,,,,,,,,,,,
4163,,103.0,,,,,,,,,,,
4423,,2893.0,,,,,,,,,,,
4453,,2739.0,,,,,,,,,,,
4461,,10935.0,,,,,,,,,,,
4685,,103.0,,,,,,,,,,,
4696,,54.0,,,,,,,,,,,
4800,,135.0,,,,,,,,,,,
4847,,135.0,,,,,,,,,,,
5165,,135.0,,,,,,,,,,,
5245,,135.0,,,,,,,,,,,
5328,,54.0,,,,,,,,,,,
5341,,54.0,,,,,,,,,,,
5461,,15425.0,,,,,,,,,,,
6291,,135.0,,,,,,,,,,,
6870,,135.0,,,,,,,,,,,
7059,,135.0,,,,,,,,,,,
7244,,465.0,,,,,,,,,,,
7548,,54.0,,,,,,,,,,,
7653,,135.0,,,,,,,,,,,
7672,,2739.0,,,,,,,,,,,
7962,,54.0,,,,,,,,,,,
8027,,304.0,,,,,,,,,,,
8273,,54.0,,,,,,,,,,,
8359,,135.0,,,,,,,,,,,
8563,,135.0,,,,,,,,,,,
8691,,54.0,,,,,,,,,,,
8694,,135.0,,,,,,,,,,,
8743,,54.0,,,,,,,,,,,
8864,,135.0,,,,,,,,,,,
9003,,54.0,,,,,,,,,,,
9025,,465.0,,,,,,,,,,,
9041,,103.0,,,,,,,,,,,
9135,,135.0,,,,,,,,,,,
9160,,135.0,,,,,,,,,,,
9168,,304.0,,,,,,,,,,,
9290,,135.0,,,,,,,,,,,
9331,,12981.0,,,,,,,,,,,
9426,,654.0,,,,,,,,,,,
9543,,135.0,,,,,,,,,,,
9556,,19.0,,,,,,,,,,,
9561,,17931.0,,,,,,,,,,,
9649,,54.0,,,,,,,,,,,
9659,,54.0,,,,,,,,,,,
9780,,54.0,,,,,,,,,,,
9854,,135.0,,,,,,,,,,,
9948,,103.0,,,,,,,,,,,
10001,,135.0,,,,,,,,,,,
10095,,135.0,,,,,,,,,,,
10175,,135.0,,,,,,,,,,,
10659,,103.0,,,,,,,,,,,
10722,,1342.0,,,,,,,,,,,
10739,,135.0,,,,,,,,,,,
10787,,54.0,,,,,,,,,,,
10850,,54.0,,,,,,,,,,,
11136,,135.0,,,,,,,,,,,
11156,,103.0,,,,,,,,,,,
11388,,6378.0,,,,,,,,,,,
11488,,54.0,,,,,,,,,,,
11549,,103.0,,,,,,,,,,,
11625,,135.0,,,,,,,,,,,
11641,,10648.0,,,,,,,,,,,
11810,,304.0,,,,,,,,,,,
11943,,103.0,,,,,,,,,,,
12032,,135.0,,,,,,,,,,,
12068,,103.0,,,,,,,,,,,
12261,,6378.0,,,,,,,,,,,
12290,,54.0,,,,,,,,,,,
12306,,135.0,,,,,,,,,,,
12576,,54.0,,,,,,,,,,,
12737,,1403.0,,,,,,,,,,,
12799,,78.0,,,,,,,,,,,
12953,,752.0,,,,,,,,,,,
12989,,135.0,,,,,,,,,,,
13043,,54.0,,,,,,,,,,,
13096,,135.0,,,,,,,,,,,
13114,,135.0,,,,,,,,,,,
13277,,135.0,,,,,,,,,,,
13286,,54.0,,,,,,,,,,,
13388,,54.0,,,,,,,,,,,
13552,,135.0,,,,,,,,,,,
13780,,135.0,,,,,,,,,,,
13902,,54.0,,,,,,,,,,,
13967,,135.0,,,,,,,,,,,
14071,,8353.0,,,,,,,,,,,
14106,,54.0,,,,,,,,,,,
14309,,135.0,,,,,,,,,,,
14363,,135.0,,,,,,,,,,,
14430,,54.0,,,,,,,,,,,
15152,,54.0,,,,,,,,,,,
15202,,654.0,,,,,,,,,,,
15257,,135.0,,,,,,,,,,,
15346,,135.0,,,,,,,,,,,
15456,,19.0,,,,,,,,,,,
15523,,56495.0,,,,,,,,,,,
15534,,135.0,,,,,,,,,,,
15654,,54.0,,,,,,,,,,,
15671,,54.0,,,,,,,,,,,
15673,,54.0,,,,,,,,,,,
15862,,54.0,,,,,,,,,,,
15961,,14226.0,,,,,,,,,,,
16413,,1709.0,,,,,,,,,,,
16421,,103.0,,,,,,,,,,,
16761,,1342.0,,,,,,,,,,,
16881,,8353.0,,,,,,,,,,,
17104,,135.0,,,,,,,,,,,
17267,,135.0,,,,,,,,,,,
17281,,135.0,,,,,,,,,,,
17434,,135.0,,,,,,,,,,,
17463,,135.0,,,,,,,,,,,
17469,,1403.0,,,,,,,,,,,
17500,,103.0,,,,,,,,,,,
17556,,54.0,,,,,,,,,,,
17708,,135.0,,,,,,,,,,,
17786,,54.0,,,,,,,,,,,
17861,,7514.0,,,,,,,,,,,
17979,,54.0,,,,,,,,,,,
18014,,135.0,,,,,,,,,,,
18123,,54.0,,,,,,,,,,,
18190,,135.0,,,,,,,,,,,
18302,,465.0,,,,,,,,,,,
18307,,54.0,,,,,,,,,,,
18419,,5431.0,,,,,,,,,,,
18522,,135.0,,,,,,,,,,,
18543,,103.0,,,,,,,,,,,
18690,,54.0,,,,,,,,,,,
18931,,135.0,,,,,,,,,,,
18942,,465.0,,,,,,,,,,,
18962,,135.0,,,,,,,,,,,
19153,,19.0,,,,,,,,,,,
19240,,54.0,,,,,,,,,,,
19501,,54.0,,,,,,,,,,,
19502,,54.0,,,,,,,,,,,
19659,,54.0,,,,,,,,,,,
19672,,54.0,,,,,,,,,,,
19737,,54.0,,,,,,,,,,,
19833,,8353.0,,,,,,,,,,,
19945,,54.0,,,,,,,,,,,
20122,,54.0,,,,,,,,,,,
20123,,135.0,,,,,,,,,,,
20217,,135.0,,,,,,,,,,,
20274,,54.0,,,,,,,,,,,
20662,,135.0,,,,,,,,,,,
20685,,135.0,,,,,,,,,,,
20714,,2893.0,,,,,,,,,,,
20746,,54.0,,,,,,,,,,,
20811,,54.0,,,,,,,,,,,
20919,,1403.0,,,,,,,,,,,
20955,,135.0,,,,,,,,,,,
21079,,54.0,,,,,,,,,,,
21176,,1342.0,,,,,,,,,,,
21420,,54.0,,,,,,,,,,,
21758,,103.0,,,,,,,,,,,
21802,,103.0,,,,,,,,,,,
21838,,135.0,,,,,,,,,,,
21850,,54.0,,,,,,,,,,,
21869,,54.0,,,,,,,,,,,
21909,,54.0,,,,,,,,,,,
21929,,2739.0,,,,,,,,,,,
21995,,465.0,,,,,,,,,,,
21996,,54.0,,,,,,,,,,,
22229,,54.0,,,,,,,,,,,
22451,,54.0,,,,,,,,,,,
22608,,54.0,,,,,,,,,,,
22655,,54.0,,,,,,,,,,,
22870,,62984.0,,,,,,,,,,,
22893,,54.0,,,,,,,,,,,
23100,,135.0,,,,,,,,,,,
23320,,103.0,,,,,,,,,,,
23435,,135.0,,,,,,,,,,,
23457,,4527.0,,,,,,,,,,,
23519,,54.0,,,,,,,,,,,
23586,,19.0,,,,,,,,,,,
23619,,10648.0,,,,,,,,,,,
23862,,135.0,,,,,,,,,,,
23870,,135.0,,,,,,,,,,,
23878,,54.0,,,,,,,,,,,
23947,,135.0,,,,,,,,,,,
23955,,5431.0,,,,,,,,,,,
24102,,54.0,,,,,,,,,,,
24131,,135.0,,,,,,,,,,,
24252,,54.0,,,,,,,,,,,
24266,,54.0,,,,,,,,,,,
24389,,54.0,,,,,,,,,,,
24766,,1403.0,,,,,,,,,,,
24873,,135.0,,,,,,,,,,,
24945,,103.0,,,,,,,,,,,
25151,,2914.0,,,,,,,,,,,
25325,,103.0,,,,,,,,,,,
25336,,54.0,,,,,,,,,,,
25538,,30845.0,,,,,,,,,,,
25548,,54.0,,,,,,,,,,,
25552,,54.0,,,,,,,,,,,
25647,,54.0,,,,,,,,,,,
25853,,15425.0,,,,,,,,,,,
25865,,103.0,,,,,,,,,,,
25895,,54.0,,,,,,,,,,,
26090,,20034.0,,,,,,,,,,,
26195,,135.0,,,,,,,,,,,
26333,,1403.0,,,,,,,,,,,
26534,,135.0,,,,,,,,,,,
26662,,1.0,,,,,,,,,,,
26717,,2739.0,,,,,,,,,,,
26864,,135.0,,,,,,,,,,,
27069,,7108.0,,,,,,,,,,,
27101,,135.0,,,,,,,,,,,
27262,,31353.0,,,,,,,,,,,
27325,,766.0,,,,,,,,,,,
27332,,54.0,,,,,,,,,,,
27476,,103.0,,,,,,,,,,,
27604,,1403.0,,,,,,,,,,,
27609,,135.0,,,,,,,,,,,
27642,,135.0,,,,,,,,,,,
27680,,9323.0,,,,,,,,,,,
27981,,5431.0,,,,,,,,,,,
28092,,54.0,,,,,,,,,,,
28130,,19.0,,,,,,,,,,,
28340,,135.0,,,,,,,,,,,
28448,,54.0,,,,,,,,,,,
28675,,54.0,,,,,,,,,,,
28771,,54.0,,,,,,,,,,,
28791,,103.0,,,,,,,,,,,
28917,,135.0,,,,,,,,,,,
29029,,135.0,,,,,,,,,,,
29124,,54.0,,,,,,,,,,,
29174,,135.0,,,,,,,,,,,
29570,,54.0,,,,,,,,,,,
29676,,54.0,,,,,,,,,,,
29744,,103.0,,,,,,,,,,,
29810,,6378.0,,,,,,,,,,,
29899,,135.0,,,,,,,,,,,
29951,,54.0,,,,,,,,,,,
30010,,135.0,,,,,,,,,,,
30056,,54.0,,,,,,,,,,,
30131,,103.0,,,,,,,,,,,
30167,,54.0,,,,,,,,,,,
30169,,78.0,,,,,,,,,,,
30367,,135.0,,,,,,,,,,,
30371,,135.0,,,,,,,,,,,
30597,,135.0,,,,,,,,,,,
30638,,54.0,,,,,,,,,,,
30673,,135.0,,,,,,,,,,,
30951,,135.0,,,,,,,,,,,
31273,,304.0,,,,,,,,,,,
31349,,135.0,,,,,,,,,,,
31409,,103.0,,,,,,,,,,,
31522,,3413.0,,,,,,,,,,,
31607,,54.0,,,,,,,,,,,
31915,,135.0,,,,,,,,,,,
31997,,135.0,,,,,,,,,,,
32024,,54.0,,,,,,,,,,,
32193,,54.0,,,,,,,,,,,
32271,,54.0,,,,,,,,,,,
32396,,5431.0,,,,,,,,,,,
32400,,54.0,,,,,,,,,,,
32586,,103.0,,,,,,,,,,,
32607,,135.0,,,,,,,,,,,
32671,,19.0,,,,,,,,,,,
32788,,3480.0,,,,,,,,,,,
32969,,135.0,,,,,,,,,,,
33021,,54.0,,,,,,,,,,,
33158,,654.0,,,,,,,,,,,
33437,,54.0,,,,,,,,,,,
33686,,7514.0,,,,,,,,,,,
33902,,135.0,,,,,,,,,,,
33972,,135.0,,,,,,,,,,,
34029,,54.0,,,,,,,,,,,
34034,,2893.0,,,,,,,,,,,
34101,,135.0,,,,,,,,,,,
34140,,54.0,,,,,,,,,,,
34159,,54.0,,,,,,,,,,,
34292,,54.0,,,,,,,,,,,
34408,,3480.0,,,,,,,,,,,
34517,,304.0,,,,,,,,,,,
34787,,54.0,,,,,,,,,,,
35043,,54.0,,,,,,,,,,,
35666,,54.0,,,,,,,,,,,
36154,,54.0,,,,,,,,,,,
36227,,3413.0,,,,,,,,,,,
36322,,135.0,,,,,,,,,,,
36351,,62913.0,,,,,,,,,,,
36570,,54.0,,,,,,,,,,,
36624,,135.0,,,,,,,,,,,
36635,,135.0,,,,,,,,,,,
36684,,54.0,,,,,,,,,,,
36735,,1342.0,,,,,,,,,,,
36933,,54.0,,,,,,,,,,,
37116,,135.0,,,,,,,,,,,
37407,,9234.0,,,,,,,,,,,
37498,,135.0,,,,,,,,,,,
37670,,54.0,,,,,,,,,,,
37689,,54.0,,,,,,,,,,,
37690,,6378.0,,,,,,,,,,,
37742,,304.0,,,,,,,,,,,
37796,,54.0,,,,,,,,,,,
38050,,54.0,,,,,,,,,,,
38214,,54.0,,,,,,,,,,,
38215,,135.0,,,,,,,,,,,
38288,,2739.0,,,,,,,,,,,
38396,,54.0,,,,,,,,,,,
38487,,135.0,,,,,,,,,,,
38763,,54.0,,,,,,,,,,,
38809,,103.0,,,,,,,,,,,
38854,,54.0,,,,,,,,,,,
38862,,54.0,,,,,,,,,,,
38863,,4527.0,,,,,,,,,,,
38976,,54.0,,,,,,,,,,,
39034,,135.0,,,,,,,,,,,
39135,,135.0,,,,,,,,,,,
39748,,54.0,,,,,,,,,,,
40087,,54.0,,,,,,,,,,,
40275,,17460.0,,,,,,,,,,,
40283,,54.0,,,,,,,,,,,
41098,,3249.0,,,,,,,,,,,
41115,,465.0,,,,,,,,,,,
41260,,103.0,,,,,,,,,,,
41270,,1552.0,,,,,,,,,,,
41331,,54.0,,,,,,,,,,,
41441,,135.0,,,,,,,,,,,
41476,,2739.0,,,,,,,,,,,
41576,,22679.0,,,,,,,,,,,
41591,,103.0,,,,,,,,,,,
41657,,54.0,,,,,,,,,,,
41659,,54.0,,,,,,,,,,,
41665,,5431.0,,,,,,,,,,,
41768,,2058.0,,,,,,,,,,,
41823,,135.0,,,,,,,,,,,
41846,,135.0,,,,,,,,,,,
41942,,465.0,,,,,,,,,,,
42049,,6378.0,,,,,,,,,,,
42260,,4182.0,,,,,,,,,,,
42278,,8171.0,,,,,,,,,,,
42296,,135.0,,,,,,,,,,,
42320,,54.0,,,,,,,,,,,
42538,,54.0,,,,,,,,,,,
42586,,54.0,,,,,,,,,,,
42592,,135.0,,,,,,,,,,,
42668,,654.0,,,,,,,,,,,
43212,,135.0,,,,,,,,,,,
43251,,54.0,,,,,,,,,,,
43353,,54.0,,,,,,,,,,,
43486,,103.0,,,,,,,,,,,
43775,,54.0,,,,,,,,,,,
43855,,54.0,,,,,,,,,,,
43971,,135.0,,,,,,,,,,,
44031,,3365.0,,,,,,,,,,,
44062,,54.0,,,,,,,,,,,
44110,,135.0,,,,,,,,,,,
44160,,135.0,,,,,,,,,,,
44460,,5431.0,,,,,,,,,,,
44810,,135.0,,,,,,,,,,,
44877,,465.0,,,,,,,,,,,
45342,,103.0,,,,,,,,,,,
45393,,103.0,,,,,,,,,,,
45512,,54.0,,,,,,,,,,,
45589,,54.0,,,,,,,,,,,
45610,,54.0,,,,,,,,,,,
45702,,135.0,,,,,,,,,,,
45747,,54.0,,,,,,,,,,,
45756,,135.0,,,,,,,,,,,
45823,,54.0,,,,,,,,,,,
45968,,304.0,,,,,,,,,,,
46117,,135.0,,,,,,,,,,,
46561,,54.0,,,,,,,,,,,
46647,,54.0,,,,,,,,,,,
46964,,103.0,,,,,,,,,,,
46972,,135.0,,,,,,,,,,,
46997,,2208.0,,,,,,,,,,,
47471,,22965.0,,,,,,,,,,,
47483,,13933.0,,,,,,,,,,,
47518,,135.0,,,,,,,,,,,
47609,,135.0,,,,,,,,,,,
48195,,1403.0,,,,,,,,,,,
48250,,54.0,,,,,,,,,,,
48664,,135.0,,,,,,,,,,,
49201,,54.0,,,,,,,,,,,
49278,,654.0,,,,,,,,,,,
49389,,135.0,,,,,,,,,,,
49501,,54.0,,,,,,,,,,,
49761,,135.0,,,,,,,,,,,
49869,,135.0,,,,,,,,,,,
49877,,135.0,,,,,,,,,,,
50011,,54.0,,,,,,,,,,,
50431,,6378.0,,,,,,,,,,,
50962,,135.0,,,,,,,,,,,
51039,,22965.0,,,,,,,,,,,
51051,,135.0,,,,,,,,,,,
51230,,135.0,,,,,,,,,,,
51262,,19.0,,,,,,,,,,,
51291,,10648.0,,,,,,,,,,,
51788,,135.0,,,,,,,,,,,
51868,,103.0,,,,,,,,,,,
52041,,103.0,,,,,,,,,,,
52128,,50443.0,,,,,,,,,,,
52513,,135.0,,,,,,,,,,,
52547,,135.0,,,,,,,,,,,
52589,,135.0,,,,,,,,,,,
52648,,135.0,,,,,,,,,,,
52804,,54.0,,,,,,,,,,,
53192,,304.0,,,,,,,,,,,
53591,,103.0,,,,,,,,,,,
53774,,54.0,,,,,,,,,,,
53853,,135.0,,,,,,,,,,,
53945,,135.0,,,,,,,,,,,
53948,,78.0,,,,,,,,,,,
54011,,54.0,,,,,,,,,,,
54022,,54.0,,,,,,,,,,,
54134,,135.0,,,,,,,,,,,
54152,,103.0,,,,,,,,,,,
54218,,135.0,,,,,,,,,,,
54566,,103.0,,,,,,,,,,,
54693,,54.0,,,,,,,,,,,
54800,,5614.0,,,,,,,,,,,
54936,,9234.0,,,,,,,,,,,
55003,,54.0,,,,,,,,,,,
55163,,304.0,,,,,,,,,,,
55250,,54.0,,,,,,,,,,,
55462,,24215.0,,,,,,,,,,,
55622,,135.0,,,,,,,,,,,
55651,,135.0,,,,,,,,,,,
55754,,135.0,,,,,,,,,,,
56125,,135.0,,,,,,,,,,,
56208,,135.0,,,,,,,,,,,
56258,,1.0,,,,,,,,,,,
56320,,135.0,,,,,,,,,,,
56376,,8171.0,,,,,,,,,,,
56404,,19.0,,,,,,,,,,,
56629,,54.0,,,,,,,,,,,
56666,,135.0,,,,,,,,,,,
56718,,54.0,,,,,,,,,,,
56809,,54.0,,,,,,,,,,,
57013,,103.0,,,,,,,,,,,
57319,,54.0,,,,,,,,,,,
57332,,135.0,,,,,,,,,,,
57600,,135.0,,,,,,,,,,,
57629,,54.0,,,,,,,,,,,
57661,,54.0,,,,,,,,,,,
57787,,103.0,,,,,,,,,,,
57803,,135.0,,,,,,,,,,,
57845,,1403.0,,,,,,,,,,,
57856,,19.0,,,,,,,,,,,
57989,,54.0,,,,,,,,,,,
58047,,143.0,,,,,,,,,,,
58276,,54.0,,,,,,,,,,,
58480,,135.0,,,,,,,,,,,
58752,,54.0,,,,,,,,,,,
58872,,5431.0,,,,,,,,,,,
59112,,143.0,,,,,,,,,,,
59188,,54.0,,,,,,,,,,,
59739,,135.0,,,,,,,,,,,
59751,,135.0,,,,,,,,,,,
59913,,9323.0,,,,,,,,,,,
59976,,135.0,,,,,,,,,,,
59991,,135.0,,,,,,,,,,,
59999,,3413.0,,,,,,,,,,,
60070,,54.0,,,,,,,,,,,
60109,,54.0,,,,,,,,,,,
60474,,54.0,,,,,,,,,,,
60663,,135.0,,,,,,,,,,,
60884,,103.0,,,,,,,,,,,
61177,,54.0,,,,,,,,,,,
61587,,10648.0,,,,,,,,,,,
61704,,135.0,,,,,,,,,,,
61841,,54.0,,,,,,,,,,,
61842,,135.0,,,,,,,,,,,
61914,,135.0,,,,,,,,,,,
62136,,135.0,,,,,,,,,,,
62383,,135.0,,,,,,,,,,,
62740,,1403.0,,,,,,,,,,,
62877,,2730.0,,,,,,,,,,,
63335,,2893.0,,,,,,,,,,,
63408,,54.0,,,,,,,,,,,
63751,,3365.0,,,,,,,,,,,
64053,,135.0,,,,,,,,,,,
64153,,304.0,,,,,,,,,,,
64381,,54.0,,,,,,,,,,,
64423,,54.0,,,,,,,,,,,
64559,,2739.0,,,,,,,,,,,
64580,,103.0,,,,,,,,,,,
64822,,54.0,,,,,,,,,,,
64842,,135.0,,,,,,,,,,,
64936,,135.0,,,,,,,,,,,
64937,,135.0,,,,,,,,,,,
65002,,6378.0,,,,,,,,,,,
65095,,135.0,,,,,,,,,,,
65128,,103.0,,,,,,,,,,,
65592,,54.0,,,,,,,,,,,
65797,,135.0,,,,,,,,,,,
66114,,103.0,,,,,,,,,,,
66164,,8353.0,,,,,,,,,,,
66215,,54.0,,,,,,,,,,,
66425,,103.0,,,,,,,,,,,
66758,,304.0,,,,,,,,,,,
67395,,135.0,,,,,,,,,,,
67733,,135.0,,,,,,,,,,,
67796,,135.0,,,,,,,,,,,
67839,,135.0,,,,,,,,,,,
68293,,32162.0,,,,,,,,,,,
68839,,2091.0,,,,,,,,,,,
68953,,304.0,,,,,,,,,,,
69360,,2893.0,,,,,,,,,,,
69411,,54.0,,,,,,,,,,,
69445,,103.0,,,,,,,,,,,
69630,,54.0,,,,,,,,,,,
69738,,3365.0,,,,,,,,,,,
69753,,54.0,,,,,,,,,,,
69987,,54.0,,,,,,,,,,,
70072,,54.0,,,,,,,,,,,
70439,,54.0,,,,,,,,,,,
70472,,7514.0,,,,,,,,,,,
70824,,135.0,,,,,,,,,,,
70983,,8353.0,,,,,,,,,,,
71356,,1552.0,,,,,,,,,,,
71480,,135.0,,,,,,,,,,,
71586,,135.0,,,,,,,,,,,
71793,,54.0,,,,,,,,,,,
71886,,135.0,,,,,,,,,,,
71951,,103.0,,,,,,,,,,,
72003,,8214.0,,,,,,,,,,,
72007,,135.0,,,,,,,,,,,
72046,,54.0,,,,,,,,,,,
72217,,14161.0,,,,,,,,,,,
72279,,135.0,,,,,,,,,,,
72308,,54.0,,,,,,,,,,,
72512,,54.0,,,,,,,,,,,
72595,,135.0,,,,,,,,,,,
72896,,1709.0,,,,,,,,,,,
72915,,22965.0,,,,,,,,,,,
72932,,135.0,,,,,,,,,,,
73012,,135.0,,,,,,,,,,,
73339,,54.0,,,,,,,,,,,
73367,,54.0,,,,,,,,,,,
73382,,54.0,,,,,,,,,,,
73579,,5431.0,,,,,,,,,,,
73634,,103.0,,,,,,,,,,,
73707,,135.0,,,,,,,,,,,
73742,,54.0,,,,,,,,,,,
73975,,8214.0,,,,,,,,,,,
74264,,135.0,,,,,,,,,,,
74437,,54.0,,,,,,,,,,,
74503,,54.0,,,,,,,,,,,
74635,,54.0,,,,,,,,,,,
74679,,54.0,,,,,,,,,,,
75111,,54.0,,,,,,,,,,,
75318,,8353.0,,,,,,,,,,,
75629,,135.0,,,,,,,,,,,
75652,,103.0,,,,,,,,,,,
75662,,135.0,,,,,,,,,,,
75668,,54.0,,,,,,,,,,,
76144,,135.0,,,,,,,,,,,
76339,,32162.0,,,,,,,,,,,
76456,,103.0,,,,,,,,,,,
76581,,135.0,,,,,,,,,,,
76700,,135.0,,,,,,,,,,,
76861,,103.0,,,,,,,,,,,
76903,,54.0,,,,,,,,,,,
77156,,103.0,,,,,,,,,,,
77690,,19.0,,,,,,,,,,,
77751,,5431.0,,,,,,,,,,,
77868,,54.0,,,,,,,,,,,
77933,,103.0,,,,,,,,,,,
78213,,54.0,,,,,,,,,,,
78227,,54.0,,,,,,,,,,,
78274,,135.0,,,,,,,,,,,
78941,,135.0,,,,,,,,,,,
23464,,,890.0,,,,,,,,,,
25768,,,6156.0,,,,,,,,,,
26951,,,6156.0,,,,,,,,,,
35985,,,6555.0,,,,,,,,,,
36268,,,6156.0,,,,,,,,,,
46582,,,53384.0,,,,,,,,,,
52657,,,3855.0,,,,,,,,,,
57850,,,6276.0,,,,,,,,,,
60045,,,71634.0,,,,,,,,,,
68669,,,40884.0,,,,,,,,,,
73850,,,3855.0,,,,,,,,,,
77382,,,40884.0,,,,,,,,,,
817,,,,153.0,,,,,,,,,
919,,,,153.0,,,,,,,,,
926,,,,153.0,,,,,,,,,
1014,,,,153.0,,,,,,,,,
1261,,,,153.0,,,,,,,,,
1614,,,,153.0,,,,,,,,,
2370,,,,4856.0,,,,,,,,,
2578,,,,153.0,,,,,,,,,
2726,,,,153.0,,,,,,,,,
2947,,,,153.0,,,,,,,,,
3313,,,,153.0,,,,,,,,,
3394,,,,153.0,,,,,,,,,
3398,,,,153.0,,,,,,,,,
3876,,,,153.0,,,,,,,,,
4240,,,,153.0,,,,,,,,,
4267,,,,153.0,,,,,,,,,
4662,,,,153.0,,,,,,,,,
4801,,,,153.0,,,,,,,,,
4999,,,,153.0,,,,,,,,,
5018,,,,153.0,,,,,,,,,
5180,,,,48662.0,,,,,,,,,
5594,,,,153.0,,,,,,,,,
5655,,,,153.0,,,,,,,,,
5700,,,,153.0,,,,,,,,,
6288,,,,153.0,,,,,,,,,
7145,,,,153.0,,,,,,,,,
7596,,,,153.0,,,,,,,,,
7788,,,,153.0,,,,,,,,,
8787,,,,153.0,,,,,,,,,
9011,,,,153.0,,,,,,,,,
9436,,,,153.0,,,,,,,,,
9868,,,,153.0,,,,,,,,,
9886,,,,153.0,,,,,,,,,
9892,,,,153.0,,,,,,,,,
9965,,,,153.0,,,,,,,,,
10489,,,,153.0,,,,,,,,,
10686,,,,153.0,,,,,,,,,
10886,,,,153.0,,,,,,,,,
11008,,,,153.0,,,,,,,,,
11212,,,,153.0,,,,,,,,,
11258,,,,153.0,,,,,,,,,
11442,,,,153.0,,,,,,,,,
11753,,,,153.0,,,,,,,,,
11816,,,,153.0,,,,,,,,,
11909,,,,153.0,,,,,,,,,
11963,,,,4856.0,,,,,,,,,
11967,,,,153.0,,,,,,,,,
11971,,,,153.0,,,,,,,,,
12000,,,,153.0,,,,,,,,,
12016,,,,153.0,,,,,,,,,
12330,,,,153.0,,,,,,,,,
12642,,,,153.0,,,,,,,,,
12779,,,,153.0,,,,,,,,,
13795,,,,153.0,,,,,,,,,
14357,,,,153.0,,,,,,,,,
14397,,,,153.0,,,,,,,,,
14547,,,,153.0,,,,,,,,,
14691,,,,153.0,,,,,,,,,
14894,,,,153.0,,,,,,,,,
14969,,,,153.0,,,,,,,,,
15320,,,,153.0,,,,,,,,,
15396,,,,153.0,,,,,,,,,
15982,,,,22827.0,,,,,,,,,
16381,,,,153.0,,,,,,,,,
16509,,,,153.0,,,,,,,,,
16763,,,,153.0,,,,,,,,,
16884,,,,153.0,,,,,,,,,
17550,,,,153.0,,,,,,,,,
17553,,,,153.0,,,,,,,,,
18492,,,,153.0,,,,,,,,,
18540,,,,153.0,,,,,,,,,
18873,,,,153.0,,,,,,,,,
19116,,,,153.0,,,,,,,,,
19925,,,,153.0,,,,,,,,,
19991,,,,153.0,,,,,,,,,
20012,,,,153.0,,,,,,,,,
20165,,,,153.0,,,,,,,,,
20429,,,,153.0,,,,,,,,,
20506,,,,153.0,,,,,,,,,
20572,,,,153.0,,,,,,,,,
20671,,,,153.0,,,,,,,,,
20791,,,,153.0,,,,,,,,,
20877,,,,153.0,,,,,,,,,
21282,,,,153.0,,,,,,,,,
21501,,,,4856.0,,,,,,,,,
21702,,,,153.0,,,,,,,,,
22368,,,,153.0,,,,,,,,,
22933,,,,153.0,,,,,,,,,
23569,,,,153.0,,,,,,,,,
23856,,,,153.0,,,,,,,,,
23920,,,,153.0,,,,,,,,,
23984,,,,2011.0,,,,,,,,,
24237,,,,153.0,,,,,,,,,
24472,,,,153.0,,,,,,,,,
24639,,,,153.0,,,,,,,,,
25453,,,,153.0,,,,,,,,,
26449,,,,153.0,,,,,,,,,
26976,,,,153.0,,,,,,,,,
27039,,,,153.0,,,,,,,,,
27194,,,,153.0,,,,,,,,,
28315,,,,153.0,,,,,,,,,
28880,,,,153.0,,,,,,,,,
28925,,,,153.0,,,,,,,,,
29163,,,,153.0,,,,,,,,,
29164,,,,153.0,,,,,,,,,
29209,,,,153.0,,,,,,,,,
29337,,,,1819.0,,,,,,,,,
29345,,,,153.0,,,,,,,,,
29423,,,,153.0,,,,,,,,,
29737,,,,5680.0,,,,,,,,,
29978,,,,153.0,,,,,,,,,
29986,,,,153.0,,,,,,,,,
30304,,,,153.0,,,,,,,,,
30623,,,,153.0,,,,,,,,,
30897,,,,153.0,,,,,,,,,
30989,,,,1728.0,,,,,,,,,
31097,,,,153.0,,,,,,,,,
31307,,,,153.0,,,,,,,,,
32146,,,,153.0,,,,,,,,,
32158,,,,9770.0,,,,,,,,,
32678,,,,1728.0,,,,,,,,,
33097,,,,153.0,,,,,,,,,
33350,,,,153.0,,,,,,,,,
34586,,,,153.0,,,,,,,,,
34678,,,,153.0,,,,,,,,,
35516,,,,153.0,,,,,,,,,
36118,,,,1728.0,,,,,,,,,
36320,,,,153.0,,,,,,,,,
36600,,,,153.0,,,,,,,,,
37150,,,,153.0,,,,,,,,,
37303,,,,153.0,,,,,,,,,
37447,,,,153.0,,,,,,,,,
37482,,,,153.0,,,,,,,,,
37533,,,,153.0,,,,,,,,,
37548,,,,153.0,,,,,,,,,
37708,,,,153.0,,,,,,,,,
38234,,,,153.0,,,,,,,,,
38383,,,,153.0,,,,,,,,,
38777,,,,153.0,,,,,,,,,
38874,,,,55681.0,,,,,,,,,
39887,,,,153.0,,,,,,,,,
40364,,,,153.0,,,,,,,,,
41407,,,,153.0,,,,,,,,,
41409,,,,153.0,,,,,,,,,
41411,,,,153.0,,,,,,,,,
41487,,,,153.0,,,,,,,,,
41582,,,,153.0,,,,,,,,,
41666,,,,153.0,,,,,,,,,
42965,,,,153.0,,,,,,,,,
43024,,,,153.0,,,,,,,,,
43131,,,,2011.0,,,,,,,,,
43242,,,,153.0,,,,,,,,,
43253,,,,153.0,,,,,,,,,
43932,,,,153.0,,,,,,,,,
43947,,,,153.0,,,,,,,,,
43972,,,,153.0,,,,,,,,,
44087,,,,153.0,,,,,,,,,
44308,,,,6125.0,,,,,,,,,
44611,,,,153.0,,,,,,,,,
44679,,,,153.0,,,,,,,,,
44751,,,,153.0,,,,,,,,,
44873,,,,153.0,,,,,,,,,
46423,,,,153.0,,,,,,,,,
46741,,,,153.0,,,,,,,,,
47101,,,,153.0,,,,,,,,,
47272,,,,153.0,,,,,,,,,
47318,,,,153.0,,,,,,,,,
47999,,,,153.0,,,,,,,,,
48000,,,,153.0,,,,,,,,,
48611,,,,153.0,,,,,,,,,
48808,,,,153.0,,,,,,,,,
49078,,,,153.0,,,,,,,,,
49230,,,,153.0,,,,,,,,,
49330,,,,153.0,,,,,,,,,
49922,,,,4856.0,,,,,,,,,
51181,,,,153.0,,,,,,,,,
51373,,,,153.0,,,,,,,,,
51384,,,,153.0,,,,,,,,,
51777,,,,153.0,,,,,,,,,
52160,,,,1043.0,,,,,,,,,
52299,,,,153.0,,,,,,,,,
53251,,,,153.0,,,,,,,,,
53268,,,,153.0,,,,,,,,,
54368,,,,1043.0,,,,,,,,,
55048,,,,153.0,,,,,,,,,
55097,,,,153.0,,,,,,,,,
55207,,,,153.0,,,,,,,,,
55365,,,,153.0,,,,,,,,,
55448,,,,153.0,,,,,,,,,
55612,,,,14359.0,,,,,,,,,
56667,,,,153.0,,,,,,,,,
58159,,,,153.0,,,,,,,,,
58258,,,,153.0,,,,,,,,,
58320,,,,153.0,,,,,,,,,
58462,,,,153.0,,,,,,,,,
58682,,,,153.0,,,,,,,,,
58787,,,,153.0,,,,,,,,,
59015,,,,153.0,,,,,,,,,
60286,,,,19738.0,,,,,,,,,
60539,,,,153.0,,,,,,,,,
60969,,,,153.0,,,,,,,,,
61076,,,,153.0,,,,,,,,,
61211,,,,27249.0,,,,,,,,,
63176,,,,29486.0,,,,,,,,,
65007,,,,153.0,,,,,,,,,
66615,,,,7305.0,,,,,,,,,
67304,,,,153.0,,,,,,,,,
67653,,,,153.0,,,,,,,,,
67856,,,,153.0,,,,,,,,,
68534,,,,153.0,,,,,,,,,
69041,,,,153.0,,,,,,,,,
69449,,,,153.0,,,,,,,,,
70501,,,,153.0,,,,,,,,,
71804,,,,153.0,,,,,,,,,
72577,,,,153.0,,,,,,,,,
72755,,,,153.0,,,,,,,,,
73266,,,,153.0,,,,,,,,,
73911,,,,153.0,,,,,,,,,
74042,,,,153.0,,,,,,,,,
74119,,,,1043.0,,,,,,,,,
74222,,,,153.0,,,,,,,,,
74927,,,,153.0,,,,,,,,,
75479,,,,153.0,,,,,,,,,
75820,,,,153.0,,,,,,,,,
76039,,,,153.0,,,,,,,,,
76621,,,,153.0,,,,,,,,,
76675,,,,153.0,,,,,,,,,
76698,,,,153.0,,,,,,,,,
77667,,,,153.0,,,,,,,,,
78936,,,,153.0,,,,,,,,,
14244,,,,,26524.0,,,,,,,,
16158,,,,,21409.0,,,,,,,,
19103,,,,,26524.0,,,,,,,,
24805,,,,,21409.0,,,,,,,,
30516,,,,,1706.0,,,,,,,,
33960,,,,,1706.0,,,,,,,,
47308,,,,,1706.0,,,,,,,,
60323,,,,,17450.0,,,,,,,,
62432,,,,,1706.0,,,,,,,,
13,,,,,,129.0,,,,,,,
277,,,,,,129.0,,,,,,,
281,,,,,,70.0,,,,,,,
936,,,,,,129.0,,,,,,,
938,,,,,,6285.0,,,,,,,
1297,,,,,,129.0,,,,,,,
1391,,,,,,129.0,,,,,,,
1406,,,,,,40423.0,,,,,,,
1420,,,,,,129.0,,,,,,,
1435,,,,,,5507.0,,,,,,,
1462,,,,,,129.0,,,,,,,
1528,,,,,,129.0,,,,,,,
1629,,,,,,129.0,,,,,,,
1992,,,,,,2068.0,,,,,,,
2435,,,,,,129.0,,,,,,,
3531,,,,,,4611.0,,,,,,,
3658,,,,,,74.0,,,,,,,
3708,,,,,,2545.0,,,,,,,
4043,,,,,,129.0,,,,,,,
4064,,,,,,129.0,,,,,,,
4207,,,,,,129.0,,,,,,,
4364,,,,,,57111.0,,,,,,,
4413,,,,,,129.0,,,,,,,
4529,,,,,,129.0,,,,,,,
4752,,,,,,70.0,,,,,,,
4761,,,,,,129.0,,,,,,,
5062,,,,,,129.0,,,,,,,
5449,,,,,,129.0,,,,,,,
5517,,,,,,129.0,,,,,,,
5613,,,,,,6285.0,,,,,,,
5745,,,,,,129.0,,,,,,,
5915,,,,,,129.0,,,,,,,
5940,,,,,,129.0,,,,,,,
5995,,,,,,2545.0,,,,,,,
6052,,,,,,129.0,,,,,,,
6091,,,,,,8295.0,,,,,,,
6496,,,,,,129.0,,,,,,,
6738,,,,,,129.0,,,,,,,
6925,,,,,,70.0,,,,,,,
8177,,,,,,129.0,,,,,,,
8355,,,,,,129.0,,,,,,,
8424,,,,,,74.0,,,,,,,
8451,,,,,,129.0,,,,,,,
8990,,,,,,129.0,,,,,,,
9483,,,,,,70.0,,,,,,,
9738,,,,,,129.0,,,,,,,
9757,,,,,,2068.0,,,,,,,
10513,,,,,,2545.0,,,,,,,
10841,,,,,,6285.0,,,,,,,
10851,,,,,,129.0,,,,,,,
11318,,,,,,2545.0,,,,,,,
11436,,,,,,129.0,,,,,,,
11623,,,,,,129.0,,,,,,,
11724,,,,,,2545.0,,,,,,,
11795,,,,,,129.0,,,,,,,
12241,,,,,,2068.0,,,,,,,
12291,,,,,,5507.0,,,,,,,
12441,,,,,,129.0,,,,,,,
13709,,,,,,2545.0,,,,,,,
13833,,,,,,24560.0,,,,,,,
14157,,,,,,129.0,,,,,,,
14195,,,,,,129.0,,,,,,,
14476,,,,,,129.0,,,,,,,
14503,,,,,,129.0,,,,,,,
14663,,,,,,2068.0,,,,,,,
15413,,,,,,129.0,,,,,,,
15491,,,,,,129.0,,,,,,,
15495,,,,,,29194.0,,,,,,,
16154,,,,,,1853.0,,,,,,,
16670,,,,,,129.0,,,,,,,
17053,,,,,,129.0,,,,,,,
17493,,,,,,129.0,,,,,,,
17600,,,,,,2545.0,,,,,,,
17604,,,,,,129.0,,,,,,,
18277,,,,,,2545.0,,,,,,,
18371,,,,,,129.0,,,,,,,
18387,,,,,,5507.0,,,,,,,
18551,,,,,,1853.0,,,,,,,
18692,,,,,,70.0,,,,,,,
19025,,,,,,2545.0,,,,,,,
19082,,,,,,129.0,,,,,,,
19689,,,,,,2545.0,,,,,,,
19968,,,,,,129.0,,,,,,,
20436,,,,,,7337.0,,,,,,,
20454,,,,,,70.0,,,,,,,
20587,,,,,,1138.0,,,,,,,
20703,,,,,,129.0,,,,,,,
20775,,,,,,2068.0,,,,,,,
20833,,,,,,74.0,,,,,,,
20929,,,,,,2068.0,,,,,,,
20965,,,,,,8295.0,,,,,,,
21292,,,,,,129.0,,,,,,,
21516,,,,,,129.0,,,,,,,
21999,,,,,,129.0,,,,,,,
22182,,,,,,129.0,,,,,,,
22854,,,,,,8295.0,,,,,,,
23019,,,,,,70.0,,,,,,,
23422,,,,,,129.0,,,,,,,
23676,,,,,,129.0,,,,,,,
23710,,,,,,129.0,,,,,,,
23768,,,,,,1138.0,,,,,,,
23958,,,,,,129.0,,,,,,,
23975,,,,,,72774.0,,,,,,,
24132,,,,,,4397.0,,,,,,,
24160,,,,,,129.0,,,,,,,
24364,,,,,,129.0,,,,,,,
24368,,,,,,70.0,,,,,,,
24601,,,,,,70.0,,,,,,,
25088,,,,,,129.0,,,,,,,
25404,,,,,,44091.0,,,,,,,
25969,,,,,,129.0,,,,,,,
26079,,,,,,129.0,,,,,,,
26675,,,,,,2545.0,,,,,,,
26747,,,,,,129.0,,,,,,,
27085,,,,,,2545.0,,,,,,,
27330,,,,,,6285.0,,,,,,,
27412,,,,,,72774.0,,,,,,,
27589,,,,,,17308.0,,,,,,,
27637,,,,,,26936.0,,,,,,,
27692,,,,,,129.0,,,,,,,
27898,,,,,,129.0,,,,,,,
28212,,,,,,2545.0,,,,,,,
28213,,,,,,138.0,,,,,,,
28794,,,,,,129.0,,,,,,,
29631,,,,,,129.0,,,,,,,
29971,,,,,,129.0,,,,,,,
30018,,,,,,2068.0,,,,,,,
30078,,,,,,129.0,,,,,,,
30962,,,,,,129.0,,,,,,,
31153,,,,,,129.0,,,,,,,
32265,,,,,,129.0,,,,,,,
32684,,,,,,2545.0,,,,,,,
33191,,,,,,129.0,,,,,,,
33266,,,,,,70.0,,,,,,,
33472,,,,,,129.0,,,,,,,
33566,,,,,,2545.0,,,,,,,
33669,,,,,,129.0,,,,,,,
33961,,,,,,2068.0,,,,,,,
34055,,,,,,129.0,,,,,,,
34067,,,,,,34200.0,,,,,,,
34184,,,,,,1389.0,,,,,,,
34351,,,,,,129.0,,,,,,,
34372,,,,,,129.0,,,,,,,
34447,,,,,,2545.0,,,,,,,
34524,,,,,,129.0,,,,,,,
34803,,,,,,72774.0,,,,,,,
34921,,,,,,129.0,,,,,,,
35276,,,,,,129.0,,,,,,,
35298,,,,,,1889.0,,,,,,,
35697,,,,,,2545.0,,,,,,,
35890,,,,,,129.0,,,,,,,
35995,,,,,,129.0,,,,,,,
36089,,,,,,129.0,,,,,,,
36251,,,,,,129.0,,,,,,,
36539,,,,,,129.0,,,,,,,
36569,,,,,,129.0,,,,,,,
36808,,,,,,129.0,,,,,,,
36908,,,,,,129.0,,,,,,,
37158,,,,,,129.0,,,,,,,
37367,,,,,,129.0,,,,,,,
38493,,,,,,41464.0,,,,,,,
38582,,,,,,129.0,,,,,,,
38787,,,,,,129.0,,,,,,,
38900,,,,,,2545.0,,,,,,,
39197,,,,,,70.0,,,,,,,
39306,,,,,,300.0,,,,,,,
39544,,,,,,129.0,,,,,,,
39643,,,,,,70.0,,,,,,,
39952,,,,,,129.0,,,,,,,
39955,,,,,,2545.0,,,,,,,
39995,,,,,,2357.0,,,,,,,
40088,,,,,,129.0,,,,,,,
40600,,,,,,129.0,,,,,,,
40649,,,,,,70.0,,,,,,,
40800,,,,,,129.0,,,,,,,
40902,,,,,,129.0,,,,,,,
40908,,,,,,129.0,,,,,,,
40935,,,,,,70.0,,,,,,,
40958,,,,,,129.0,,,,,,,
41043,,,,,,129.0,,,,,,,
41928,,,,,,2545.0,,,,,,,
42057,,,,,,74.0,,,,,,,
42196,,,,,,129.0,,,,,,,
42291,,,,,,129.0,,,,,,,
42367,,,,,,129.0,,,,,,,
42386,,,,,,129.0,,,,,,,
42692,,,,,,70.0,,,,,,,
42785,,,,,,2545.0,,,,,,,
43021,,,,,,129.0,,,,,,,
43166,,,,,,2545.0,,,,,,,
43186,,,,,,129.0,,,,,,,
43619,,,,,,2545.0,,,,,,,
43929,,,,,,5396.0,,,,,,,
44094,,,,,,129.0,,,,,,,
44129,,,,,,15194.0,,,,,,,
44144,,,,,,129.0,,,,,,,
44293,,,,,,2545.0,,,,,,,
44424,,,,,,2545.0,,,,,,,
44493,,,,,,2545.0,,,,,,,
44620,,,,,,129.0,,,,,,,
44717,,,,,,2068.0,,,,,,,
45135,,,,,,70.0,,,,,,,
46253,,,,,,2545.0,,,,,,,
46472,,,,,,70.0,,,,,,,
46493,,,,,,2545.0,,,,,,,
46536,,,,,,2068.0,,,,,,,
46685,,,,,,129.0,,,,,,,
46838,,,,,,129.0,,,,,,,
47044,,,,,,129.0,,,,,,,
47125,,,,,,2545.0,,,,,,,
47276,,,,,,6285.0,,,,,,,
47329,,,,,,70.0,,,,,,,
48472,,,,,,129.0,,,,,,,
48964,,,,,,954.0,,,,,,,
48974,,,,,,6285.0,,,,,,,
49139,,,,,,74.0,,,,,,,
49538,,,,,,129.0,,,,,,,
49540,,,,,,70.0,,,,,,,
49835,,,,,,70.0,,,,,,,
49940,,,,,,129.0,,,,,,,
50665,,,,,,129.0,,,,,,,
51037,,,,,,129.0,,,,,,,
51671,,,,,,2545.0,,,,,,,
51849,,,,,,129.0,,,,,,,
52047,,,,,,74.0,,,,,,,
52102,,,,,,49657.0,,,,,,,
52572,,,,,,129.0,,,,,,,
52817,,,,,,129.0,,,,,,,
52910,,,,,,954.0,,,,,,,
53027,,,,,,300.0,,,,,,,
53204,,,,,,129.0,,,,,,,
53476,,,,,,6285.0,,,,,,,
54094,,,,,,129.0,,,,,,,
54105,,,,,,70.0,,,,,,,
54202,,,,,,129.0,,,,,,,
54951,,,,,,129.0,,,,,,,
56200,,,,,,129.0,,,,,,,
56650,,,,,,129.0,,,,,,,
56716,,,,,,129.0,,,,,,,
57420,,,,,,70.0,,,,,,,
58160,,,,,,8295.0,,,,,,,
58191,,,,,,74.0,,,,,,,
58673,,,,,,15194.0,,,,,,,
59043,,,,,,129.0,,,,,,,
59698,,,,,,300.0,,,,,,,
60100,,,,,,129.0,,,,,,,
60325,,,,,,129.0,,,,,,,
60354,,,,,,74.0,,,,,,,
60358,,,,,,129.0,,,,,,,
60714,,,,,,6285.0,,,,,,,
61171,,,,,,129.0,,,,,,,
61446,,,,,,129.0,,,,,,,
61911,,,,,,129.0,,,,,,,
62159,,,,,,1138.0,,,,,,,
62222,,,,,,2068.0,,,,,,,
62248,,,,,,129.0,,,,,,,
62319,,,,,,2545.0,,,,,,,
62356,,,,,,129.0,,,,,,,
62663,,,,,,129.0,,,,,,,
63019,,,,,,129.0,,,,,,,
63696,,,,,,74.0,,,,,,,
63781,,,,,,129.0,,,,,,,
63925,,,,,,954.0,,,,,,,
64773,,,,,,70.0,,,,,,,
64999,,,,,,129.0,,,,,,,
65875,,,,,,129.0,,,,,,,
66280,,,,,,129.0,,,,,,,
66504,,,,,,2545.0,,,,,,,
67051,,,,,,6285.0,,,,,,,
67057,,,,,,2545.0,,,,,,,
67182,,,,,,129.0,,,,,,,
67683,,,,,,70.0,,,,,,,
68134,,,,,,129.0,,,,,,,
68272,,,,,,129.0,,,,,,,
68687,,,,,,129.0,,,,,,,
68723,,,,,,70.0,,,,,,,
69533,,,,,,129.0,,,,,,,
70131,,,,,,129.0,,,,,,,
70282,,,,,,70.0,,,,,,,
70345,,,,,,72774.0,,,,,,,
70604,,,,,,2545.0,,,,,,,
70616,,,,,,2545.0,,,,,,,
70792,,,,,,25238.0,,,,,,,
70881,,,,,,129.0,,,,,,,
70913,,,,,,129.0,,,,,,,
71333,,,,,,129.0,,,,,,,
71534,,,,,,129.0,,,,,,,
71583,,,,,,129.0,,,,,,,
71626,,,,,,129.0,,,,,,,
71655,,,,,,129.0,,,,,,,
72006,,,,,,129.0,,,,,,,
72018,,,,,,6285.0,,,,,,,
72094,,,,,,6934.0,,,,,,,
72395,,,,,,8295.0,,,,,,,
72425,,,,,,2068.0,,,,,,,
72480,,,,,,8295.0,,,,,,,
72657,,,,,,1889.0,,,,,,,
72664,,,,,,129.0,,,,,,,
73046,,,,,,129.0,,,,,,,
73490,,,,,,2545.0,,,,,,,
73900,,,,,,2545.0,,,,,,,
74189,,,,,,2545.0,,,,,,,
74213,,,,,,129.0,,,,,,,
74762,,,,,,129.0,,,,,,,
74831,,,,,,129.0,,,,,,,
75012,,,,,,1889.0,,,,,,,
75104,,,,,,129.0,,,,,,,
75557,,,,,,34200.0,,,,,,,
75788,,,,,,15194.0,,,,,,,
75809,,,,,,129.0,,,,,,,
75959,,,,,,129.0,,,,,,,
76050,,,,,,4637.0,,,,,,,
77553,,,,,,70.0,,,,,,,
77635,,,,,,70.0,,,,,,,
77711,,,,,,2545.0,,,,,,,
77797,,,,,,129.0,,,,,,,
77840,,,,,,129.0,,,,,,,
78039,,,,,,129.0,,,,,,,
78424,,,,,,129.0,,,,,,,
78739,,,,,,2545.0,,,,,,,
78954,,,,,,129.0,,,,,,,
76641,,,,,,,17812.0,,,,,,
354,,,,,,,,73024.0,,,,,
68835,,,,,,,,73024.0,,,,,
6675,,,,,,,,,7594.0,,,,
7981,,,,,,,,,517.0,,,,
10218,,,,,,,,,517.0,,,,
10885,,,,,,,,,517.0,,,,
16896,,,,,,,,,7594.0,,,,
16946,,,,,,,,,7594.0,,,,
17647,,,,,,,,,4754.0,,,,
18885,,,,,,,,,7594.0,,,,
19024,,,,,,,,,4754.0,,,,
26102,,,,,,,,,7594.0,,,,
27405,,,,,,,,,517.0,,,,
27798,,,,,,,,,7594.0,,,,
39479,,,,,,,,,7594.0,,,,
45427,,,,,,,,,7594.0,,,,
50099,,,,,,,,,7594.0,,,,
52031,,,,,,,,,7594.0,,,,
55322,,,,,,,,,7594.0,,,,
56694,,,,,,,,,4754.0,,,,
60388,,,,,,,,,4754.0,,,,
60814,,,,,,,,,517.0,,,,
67602,,,,,,,,,7594.0,,,,
72566,,,,,,,,,7594.0,,,,
74690,,,,,,,,,7594.0,,,,
78218,,,,,,,,,7594.0,,,,
78249,,,,,,,,,7594.0,,,,
78772,,,,,,,,,7594.0,,,,
79050,,,,,,,,,517.0,,,,
799,,,,,,,,,,6098.0,,,
840,,,,,,,,,,140.0,,,
1270,,,,,,,,,,39377.0,,,
1374,,,,,,,,,,2014.0,,,
4900,,,,,,,,,,125.0,,,
6195,,,,,,,,,,6098.0,,,
6358,,,,,,,,,,6098.0,,,
6579,,,,,,,,,,140.0,,,
6674,,,,,,,,,,61099.0,,,
6899,,,,,,,,,,2014.0,,,
8471,,,,,,,,,,140.0,,,
9051,,,,,,,,,,125.0,,,
9785,,,,,,,,,,125.0,,,
9889,,,,,,,,,,10497.0,,,
9934,,,,,,,,,,125.0,,,
10455,,,,,,,,,,10497.0,,,
10486,,,,,,,,,,5591.0,,,
10711,,,,,,,,,,2014.0,,,
13087,,,,,,,,,,125.0,,,
13730,,,,,,,,,,5591.0,,,
14021,,,,,,,,,,125.0,,,
14937,,,,,,,,,,6098.0,,,
16906,,,,,,,,,,140.0,,,
17039,,,,,,,,,,125.0,,,
17244,,,,,,,,,,125.0,,,
18571,,,,,,,,,,6098.0,,,
19338,,,,,,,,,,125.0,,,
21196,,,,,,,,,,2802.0,,,
21364,,,,,,,,,,5774.0,,,
21987,,,,,,,,,,125.0,,,
23009,,,,,,,,,,3458.0,,,
23527,,,,,,,,,,125.0,,,
24827,,,,,,,,,,2014.0,,,
25047,,,,,,,,,,125.0,,,
25114,,,,,,,,,,125.0,,,
25988,,,,,,,,,,2014.0,,,
26257,,,,,,,,,,2014.0,,,
26666,,,,,,,,,,140.0,,,
28166,,,,,,,,,,2802.0,,,
28758,,,,,,,,,,2014.0,,,
28989,,,,,,,,,,6098.0,,,
29669,,,,,,,,,,125.0,,,
31792,,,,,,,,,,2014.0,,,
32451,,,,,,,,,,16978.0,,,
32595,,,,,,,,,,2802.0,,,
32923,,,,,,,,,,6098.0,,,
34529,,,,,,,,,,2014.0,,,
34663,,,,,,,,,,125.0,,,
36085,,,,,,,,,,140.0,,,
36185,,,,,,,,,,125.0,,,
39799,,,,,,,,,,125.0,,,
40503,,,,,,,,,,6098.0,,,
40567,,,,,,,,,,2014.0,,,
40580,,,,,,,,,,140.0,,,
41254,,,,,,,,,,2802.0,,,
42579,,,,,,,,,,6098.0,,,
45118,,,,,,,,,,10179.0,,,
45709,,,,,,,,,,2014.0,,,
46510,,,,,,,,,,6098.0,,,
46826,,,,,,,,,,125.0,,,
49703,,,,,,,,,,125.0,,,
50557,,,,,,,,,,125.0,,,
51129,,,,,,,,,,6098.0,,,
51644,,,,,,,,,,56158.0,,,
52234,,,,,,,,,,125.0,,,
53072,,,,,,,,,,6098.0,,,
54242,,,,,,,,,,10497.0,,,
55624,,,,,,,,,,125.0,,,
55855,,,,,,,,,,125.0,,,
56216,,,,,,,,,,3458.0,,,
58049,,,,,,,,,,125.0,,,
58170,,,,,,,,,,2014.0,,,
58295,,,,,,,,,,10497.0,,,
60295,,,,,,,,,,125.0,,,
60543,,,,,,,,,,6098.0,,,
60723,,,,,,,,,,2014.0,,,
61180,,,,,,,,,,1076.0,,,
61339,,,,,,,,,,5591.0,,,
61680,,,,,,,,,,125.0,,,
61974,,,,,,,,,,125.0,,,
63430,,,,,,,,,,6098.0,,,
63656,,,,,,,,,,125.0,,,
63720,,,,,,,,,,125.0,,,
66971,,,,,,,,,,6098.0,,,
67008,,,,,,,,,,125.0,,,
67628,,,,,,,,,,2014.0,,,
69883,,,,,,,,,,125.0,,,
72131,,,,,,,,,,2802.0,,,
73593,,,,,,,,,,2014.0,,,
75387,,,,,,,,,,6098.0,,,
75624,,,,,,,,,,2229.0,,,
13663,,,,,,,,,,,3669.0,,
14646,,,,,,,,,,,811.0,,
14690,,,,,,,,,,,48633.0,,
22741,,,,,,,,,,,811.0,,
31298,,,,,,,,,,,241.0,,
38095,,,,,,,,,,,3581.0,,
43083,,,,,,,,,,,3669.0,,
46185,,,,,,,,,,,32545.0,,
50106,,,,,,,,,,,4693.0,,
58908,,,,,,,,,,,811.0,,
67800,,,,,,,,,,,3581.0,,
70236,,,,,,,,,,,3581.0,,
71032,,,,,,,,,,,3669.0,,
72809,,,,,,,,,,,8738.0,,
73599,,,,,,,,,,,32545.0,,
6049,,,,,,,,,,,,70362.0,
8070,,,,,,,,,,,,29742.0,
9979,,,,,,,,,,,,1632.0,
19327,,,,,,,,,,,,29990.0,
19936,,,,,,,,,,,,1632.0,
22614,,,,,,,,,,,,37571.0,
25968,,,,,,,,,,,,442.0,
33347,,,,,,,,,,,,830.0,
36171,,,,,,,,,,,,9016.0,
37351,,,,,,,,,,,,1632.0,
38748,,,,,,,,,,,,442.0,
39059,,,,,,,,,,,,29990.0,
43559,,,,,,,,,,,,1632.0,
46445,,,,,,,,,,,,830.0,
46861,,,,,,,,,,,,442.0,
50295,,,,,,,,,,,,801.0,
51540,,,,,,,,,,,,12474.0,
54472,,,,,,,,,,,,35656.0,
55429,,,,,,,,,,,,1632.0,
55888,,,,,,,,,,,,12474.0,
57155,,,,,,,,,,,,6668.0,
59809,,,,,,,,,,,,830.0,
59981,,,,,,,,,,,,21213.0,
60201,,,,,,,,,,,,830.0,
61810,,,,,,,,,,,,34293.0,
64729,,,,,,,,,,,,68237.0,
68838,,,,,,,,,,,,1632.0,
69099,,,,,,,,,,,,4958.0,
72162,,,,,,,,,,,,1632.0,
78974,,,,,,,,,,,,2832.0,
63731,,,,,,,,,,,,,27321.0
66363,,,,,,,,,,,,,53198.0
