,45,62,55,35,60,30,22,75,25,20,70,16,65
1,26662.0,,,,,,,,,,,,
19,9556.0,,,,,,,,,,,,
54,367.0,,,,,,,,,,,,
78,12799.0,,,,,,,,,,,,
135,341.0,,,,,,,,,,,,
143,58047.0,,,,,,,,,,,,
227,367.0,,,,,,,,,,,,
263,367.0,,,,,,,,,,,,
304,718.0,,,,,,,,,,,,
465,7244.0,,,,,,,,,,,,
586,367.0,,,,,,,,,,,,
654,9426.0,,,,,,,,,,,,
752,12953.0,,,,,,,,,,,,
766,341.0,,,,,,,,,,,,
925,367.0,,,,,,,,,,,,
945,367.0,,,,,,,,,,,,
1207,367.0,,,,,,,,,,,,
1301,1889.0,,,,,,,,,,,,
1302,367.0,,,,,,,,,,,,
1313,367.0,,,,,,,,,,,,
1342,2874.0,,,,,,,,,,,,
1363,9556.0,,,,,,,,,,,,
1403,2155.0,,,,,,,,,,,,
1418,9556.0,,,,,,,,,,,,
1454,341.0,,,,,,,,,,,,
1538,367.0,,,,,,,,,,,,
1552,4049.0,,,,,,,,,,,,
1565,7244.0,,,,,,,,,,,,
1709,16413.0,,,,,,,,,,,,
1726,367.0,,,,,,,,,,,,
1729,367.0,,,,,,,,,,,,
1743,367.0,,,,,,,,,,,,
1746,2565.0,,,,,,,,,,,,
1844,6410.0,,,,,,,,,,,,
2040,367.0,,,,,,,,,,,,
2060,6863.0,,,,,,,,,,,,
2091,2612.0,,,,,,,,,,,,
2208,46997.0,,,,,,,,,,,,
2248,367.0,,,,,,,,,,,,
2483,914.0,,,,,,,,,,,,
2538,367.0,,,,,,,,,,,,
2561,121.0,,,,,,,,,,,,
2566,121.0,,,,,,,,,,,,
2730,62877.0,,,,,,,,,,,,
2893,4423.0,,,,,,,,,,,,
2896,914.0,,,,,,,,,,,,
2914,89.0,,,,,,,,,,,,
3076,1268.0,,,,,,,,,,,,
3117,25273.0,,,,,,,,,,,,
3202,490.0,,,,,,,,,,,,
3249,41098.0,,,,,,,,,,,,
3322,1889.0,,,,,,,,,,,,
3463,718.0,,,,,,,,,,,,
3624,9556.0,,,,,,,,,,,,
3663,1422.0,,,,,,,,,,,,
3802,9426.0,,,,,,,,,,,,
3817,33388.0,,,,,,,,,,,,
3923,1422.0,,,,,,,,,,,,
4182,42260.0,,,,,,,,,,,,
4270,367.0,,,,,,,,,,,,
4382,367.0,,,,,,,,,,,,
4476,367.0,,,,,,,,,,,,
4526,367.0,,,,,,,,,,,,
4549,367.0,,,,,,,,,,,,
4773,371.0,,,,,,,,,,,,
4875,2565.0,,,,,,,,,,,,
4903,367.0,,,,,,,,,,,,
4940,367.0,,,,,,,,,,,,
5086,914.0,,,,,,,,,,,,
5139,367.0,,,,,,,,,,,,
5311,4461.0,,,,,,,,,,,,
5375,121.0,,,,,,,,,,,,
5383,42710.0,,,,,,,,,,,,
5405,4093.0,,,,,,,,,,,,
5431,565.0,,,,,,,,,,,,
5446,490.0,,,,,,,,,,,,
5614,54800.0,,,,,,,,,,,,
5722,367.0,,,,,,,,,,,,
5865,9556.0,,,,,,,,,,,,
5875,49388.0,,,,,,,,,,,,
6059,367.0,,,,,,,,,,,,
6167,28582.0,,,,,,,,,,,,
6168,26610.0,,,,,,,,,,,,
6308,2912.0,,,,,,,,,,,,
6378,1000.0,,,,,,,,,,,,
6405,9426.0,,,,,,,,,,,,
6558,367.0,,,,,,,,,,,,
6593,42840.0,,,,,,,,,,,,
6620,1422.0,,,,,,,,,,,,
6621,367.0,,,,,,,,,,,,
6694,1889.0,,,,,,,,,,,,
6953,5989.0,,,,,,,,,,,,
7016,9426.0,,,,,,,,,,,,
7018,367.0,,,,,,,,,,,,
7054,367.0,,,,,,,,,,,,
7108,27069.0,,,,,,,,,,,,
7122,1422.0,,,,,,,,,,,,
7200,19556.0,,,,,,,,,,,,
7477,367.0,,,,,,,,,,,,
7480,1422.0,,,,,,,,,,,,
7514,17861.0,,,,,,,,,,,,
7544,367.0,,,,,,,,,,,,
7602,914.0,,,,,,,,,,,,
7754,5989.0,,,,,,,,,,,,
7935,7244.0,,,,,,,,,,,,
8171,3340.0,,,,,,,,,,,,
8269,367.0,,,,,,,,,,,,
8320,367.0,,,,,,,,,,,,
8352,121.0,,,,,,,,,,,,
8353,4007.0,,,,,,,,,,,,
8428,1889.0,,,,,,,,,,,,
8506,1268.0,,,,,,,,,,,,
8574,9556.0,,,,,,,,,,,,
8575,327.0,,,,,,,,,,,,
8616,1422.0,,,,,,,,,,,,
8661,25273.0,,,,,,,,,,,,
9117,531.0,,,,,,,,,,,,
9243,490.0,,,,,,,,,,,,
9244,367.0,,,,,,,,,,,,
9258,367.0,,,,,,,,,,,,
9323,27680.0,,,,,,,,,,,,
9374,1000.0,,,,,,,,,,,,
9488,11915.0,,,,,,,,,,,,
9560,341.0,,,,,,,,,,,,
9598,1721.0,,,,,,,,,,,,
9730,1422.0,,,,,,,,,,,,
9756,367.0,,,,,,,,,,,,
9764,1721.0,,,,,,,,,,,,
9857,367.0,,,,,,,,,,,,
10117,2804.0,,,,,,,,,,,,
10196,914.0,,,,,,,,,,,,
10344,341.0,,,,,,,,,,,,
10375,367.0,,,,,,,,,,,,
10395,2804.0,,,,,,,,,,,,
10405,341.0,,,,,,,,,,,,
10519,341.0,,,,,,,,,,,,
10648,11641.0,,,,,,,,,,,,
10703,9473.0,,,,,,,,,,,,
10736,341.0,,,,,,,,,,,,
10749,1889.0,,,,,,,,,,,,
10831,9556.0,,,,,,,,,,,,
10922,23336.0,,,,,,,,,,,,
10935,4461.0,,,,,,,,,,,,
11072,367.0,,,,,,,,,,,,
11237,490.0,,,,,,,,,,,,
11278,121.0,,,,,,,,,,,,
11348,367.0,,,,,,,,,,,,
11359,367.0,,,,,,,,,,,,
11415,341.0,,,,,,,,,,,,
11416,367.0,,,,,,,,,,,,
11532,10271.0,,,,,,,,,,,,
11612,341.0,,,,,,,,,,,,
11693,1891.0,,,,,,,,,,,,
11741,367.0,,,,,,,,,,,,
11970,59837.0,,,,,,,,,,,,
11978,367.0,,,,,,,,,,,,
12141,1780.0,,,,,,,,,,,,
12258,2804.0,,,,,,,,,,,,
12285,3764.0,,,,,,,,,,,,
12478,3764.0,,,,,,,,,,,,
12530,2565.0,,,,,,,,,,,,
12621,121.0,,,,,,,,,,,,
12701,1268.0,,,,,,,,,,,,
12744,1889.0,,,,,,,,,,,,
12798,914.0,,,,,,,,,,,,
12855,367.0,,,,,,,,,,,,
12981,9331.0,,,,,,,,,,,,
13035,6880.0,,,,,,,,,,,,
13133,367.0,,,,,,,,,,,,
13210,490.0,,,,,,,,,,,,
13339,341.0,,,,,,,,,,,,
13354,22474.0,,,,,,,,,,,,
13597,2565.0,,,,,,,,,,,,
13609,341.0,,,,,,,,,,,,
13696,367.0,,,,,,,,,,,,
13759,42710.0,,,,,,,,,,,,
13822,490.0,,,,,,,,,,,,
13913,1422.0,,,,,,,,,,,,
14070,367.0,,,,,,,,,,,,
14161,72217.0,,,,,,,,,,,,
14171,367.0,,,,,,,,,,,,
14205,1721.0,,,,,,,,,,,,
14226,15961.0,,,,,,,,,,,,
14494,42840.0,,,,,,,,,,,,
14950,11915.0,,,,,,,,,,,,
15122,9556.0,,,,,,,,,,,,
15127,1422.0,,,,,,,,,,,,
15139,367.0,,,,,,,,,,,,
15141,5989.0,,,,,,,,,,,,
15150,367.0,,,,,,,,,,,,
15360,4007.0,,,,,,,,,,,,
15401,1268.0,,,,,,,,,,,,
15421,341.0,,,,,,,,,,,,
15425,5461.0,,,,,,,,,,,,
15514,2612.0,,,,,,,,,,,,
15612,9473.0,,,,,,,,,,,,
15815,367.0,,,,,,,,,,,,
15886,531.0,,,,,,,,,,,,
15909,25273.0,,,,,,,,,,,,
15995,367.0,,,,,,,,,,,,
16003,16404.0,,,,,,,,,,,,
16051,7244.0,,,,,,,,,,,,
16059,1268.0,,,,,,,,,,,,
16108,10008.0,,,,,,,,,,,,
16134,23603.0,,,,,,,,,,,,
16136,23603.0,,,,,,,,,,,,
16343,367.0,,,,,,,,,,,,
16370,367.0,,,,,,,,,,,,
16801,1891.0,,,,,,,,,,,,
16842,121.0,,,,,,,,,,,,
16905,5204.0,,,,,,,,,,,,
17279,10008.0,,,,,,,,,,,,
17346,2155.0,,,,,,,,,,,,
17404,341.0,,,,,,,,,,,,
17429,531.0,,,,,,,,,,,,
17460,40275.0,,,,,,,,,,,,
17629,531.0,,,,,,,,,,,,
17678,367.0,,,,,,,,,,,,
17683,3764.0,,,,,,,,,,,,
17687,984.0,,,,,,,,,,,,
17866,9628.0,,,,,,,,,,,,
17936,367.0,,,,,,,,,,,,
17953,6793.0,,,,,,,,,,,,
18044,565.0,,,,,,,,,,,,
18170,3207.0,,,,,,,,,,,,
18213,1889.0,,,,,,,,,,,,
18288,2501.0,,,,,,,,,,,,
18309,490.0,,,,,,,,,,,,
18520,2804.0,,,,,,,,,,,,
18533,367.0,,,,,,,,,,,,
18682,1889.0,,,,,,,,,,,,
18737,367.0,,,,,,,,,,,,
18747,367.0,,,,,,,,,,,,
18749,2912.0,,,,,,,,,,,,
18774,1422.0,,,,,,,,,,,,
18820,1721.0,,,,,,,,,,,,
18821,4423.0,,,,,,,,,,,,
19103,43354.0,,,,,,,,,,,,
19177,121.0,,,,,,,,,,,,
19329,1422.0,,,,,,,,,,,,
19374,1721.0,,,,,,,,,,,,
19416,25273.0,,,,,,,,,,,,
19538,3340.0,,,,,,,,,,,,
19599,25273.0,,,,,,,,,,,,
19660,367.0,,,,,,,,,,,,
19763,9556.0,,,,,,,,,,,,
19827,9628.0,,,,,,,,,,,,
19950,5989.0,,,,,,,,,,,,
20023,367.0,,,,,,,,,,,,
20034,2742.0,,,,,,,,,,,,
20051,367.0,,,,,,,,,,,,
20060,367.0,,,,,,,,,,,,
20132,1422.0,,,,,,,,,,,,
20450,9628.0,,,,,,,,,,,,
20710,1422.0,,,,,,,,,,,,
20737,367.0,,,,,,,,,,,,
20743,367.0,,,,,,,,,,,,
20774,367.0,,,,,,,,,,,,
20934,914.0,,,,,,,,,,,,
20949,367.0,,,,,,,,,,,,
20962,367.0,,,,,,,,,,,,
20968,40815.0,,,,,,,,,,,,
21191,1268.0,,,,,,,,,,,,
21238,367.0,,,,,,,,,,,,
21383,4461.0,,,,,,,,,,,,
21406,718.0,,,,,,,,,,,,
21450,16404.0,,,,,,,,,,,,
21537,531.0,,,,,,,,,,,,
21642,15100.0,,,,,,,,,,,,
21805,1889.0,,,,,,,,,,,,
21963,914.0,,,,,,,,,,,,
22007,914.0,,,,,,,,,,,,
22018,2104.0,,,,,,,,,,,,
22679,41576.0,,,,,,,,,,,,
22702,1422.0,,,,,,,,,,,,
22820,341.0,,,,,,,,,,,,
22902,367.0,,,,,,,,,,,,
22919,367.0,,,,,,,,,,,,
22965,47471.0,,,,,,,,,,,,
22986,1422.0,,,,,,,,,,,,
23019,287.0,,,,,,,,,,,,
23058,341.0,,,,,,,,,,,,
23136,121.0,,,,,,,,,,,,
23188,367.0,,,,,,,,,,,,
23319,1422.0,,,,,,,,,,,,
23351,490.0,,,,,,,,,,,,
23389,341.0,,,,,,,,,,,,
23463,206.0,,,,,,,,,,,,
23497,1422.0,,,,,,,,,,,,
23516,1000.0,,,,,,,,,,,,
23714,1422.0,,,,,,,,,,,,
23781,367.0,,,,,,,,,,,,
23784,1889.0,,,,,,,,,,,,
23891,2612.0,,,,,,,,,,,,
24055,9628.0,,,,,,,,,,,,
24103,955.0,,,,,,,,,,,,
24117,35298.0,,,,,,,,,,,,
24215,55462.0,,,,,,,,,,,,
24302,1889.0,,,,,,,,,,,,
24368,287.0,,,,,,,,,,,,
24398,8951.0,,,,,,,,,,,,
24483,31374.0,,,,,,,,,,,,
24556,341.0,,,,,,,,,,,,
24687,1422.0,,,,,,,,,,,,
24708,367.0,,,,,,,,,,,,
24841,42710.0,,,,,,,,,,,,
24893,17107.0,,,,,,,,,,,,
24922,9556.0,,,,,,,,,,,,
24957,367.0,,,,,,,,,,,,
24967,2523.0,,,,,,,,,,,,
24986,9473.0,,,,,,,,,,,,
25129,341.0,,,,,,,,,,,,
25275,1721.0,,,,,,,,,,,,
25301,1422.0,,,,,,,,,,,,
25302,718.0,,,,,,,,,,,,
25381,914.0,,,,,,,,,,,,
25382,341.0,,,,,,,,,,,,
25398,367.0,,,,,,,,,,,,
25407,1889.0,,,,,,,,,,,,
25477,367.0,,,,,,,,,,,,
25532,9331.0,,,,,,,,,,,,
25726,77616.0,,,,,,,,,,,,
25978,367.0,,,,,,,,,,,,
26038,10008.0,,,,,,,,,,,,
26106,11915.0,,,,,,,,,,,,
26419,531.0,,,,,,,,,,,,
26559,1889.0,,,,,,,,,,,,
26561,9628.0,,,,,,,,,,,,
26652,1287.0,,,,,,,,,,,,
26677,341.0,,,,,,,,,,,,
26923,6740.0,,,,,,,,,,,,
26952,1889.0,,,,,,,,,,,,
27026,367.0,,,,,,,,,,,,
27030,718.0,,,,,,,,,,,,
27340,51.0,,,,,,,,,,,,
27341,367.0,,,,,,,,,,,,
27706,1422.0,,,,,,,,,,,,
27791,9387.0,,,,,,,,,,,,
27835,341.0,,,,,,,,,,,,
27890,367.0,,,,,,,,,,,,
27971,2903.0,,,,,,,,,,,,
28001,121.0,,,,,,,,,,,,
28059,35298.0,,,,,,,,,,,,
28209,121.0,,,,,,,,,,,,
28286,6880.0,,,,,,,,,,,,
28736,914.0,,,,,,,,,,,,
28742,367.0,,,,,,,,,,,,
28904,718.0,,,,,,,,,,,,
29327,2804.0,,,,,,,,,,,,
29446,9549.0,,,,,,,,,,,,
29478,10271.0,,,,,,,,,,,,
29557,367.0,,,,,,,,,,,,
29636,5989.0,,,,,,,,,,,,
29672,388.0,,,,,,,,,,,,
29753,5989.0,,,,,,,,,,,,
29781,341.0,,,,,,,,,,,,
29879,367.0,,,,,,,,,,,,
29903,206.0,,,,,,,,,,,,
30033,32747.0,,,,,,,,,,,,
30140,41567.0,,,,,,,,,,,,
30255,367.0,,,,,,,,,,,,
30362,367.0,,,,,,,,,,,,
30397,367.0,,,,,,,,,,,,
30467,367.0,,,,,,,,,,,,
30530,5989.0,,,,,,,,,,,,
30675,4007.0,,,,,,,,,,,,
30810,1422.0,,,,,,,,,,,,
30844,367.0,,,,,,,,,,,,
30891,2912.0,,,,,,,,,,,,
30903,5989.0,,,,,,,,,,,,
31163,367.0,,,,,,,,,,,,
31353,27262.0,,,,,,,,,,,,
31373,2612.0,,,,,,,,,,,,
31534,1721.0,,,,,,,,,,,,
31682,1422.0,,,,,,,,,,,,
31735,367.0,,,,,,,,,,,,
31741,32747.0,,,,,,,,,,,,
31972,5989.0,,,,,,,,,,,,
32014,11915.0,,,,,,,,,,,,
32078,367.0,,,,,,,,,,,,
32292,367.0,,,,,,,,,,,,
32439,388.0,,,,,,,,,,,,
32637,341.0,,,,,,,,,,,,
32705,984.0,,,,,,,,,,,,
32955,718.0,,,,,,,,,,,,
33157,1889.0,,,,,,,,,,,,
33320,371.0,,,,,,,,,,,,
33333,9556.0,,,,,,,,,,,,
33413,1780.0,,,,,,,,,,,,
33538,367.0,,,,,,,,,,,,
33596,367.0,,,,,,,,,,,,
33689,367.0,,,,,,,,,,,,
33747,367.0,,,,,,,,,,,,
33833,718.0,,,,,,,,,,,,
34135,367.0,,,,,,,,,,,,
34343,4007.0,,,,,,,,,,,,
34406,914.0,,,,,,,,,,,,
34776,1268.0,,,,,,,,,,,,
34777,42710.0,,,,,,,,,,,,
34864,28582.0,,,,,,,,,,,,
34967,367.0,,,,,,,,,,,,
35058,367.0,,,,,,,,,,,,
35063,16404.0,,,,,,,,,,,,
35321,9556.0,,,,,,,,,,,,
35335,341.0,,,,,,,,,,,,
35499,121.0,,,,,,,,,,,,
35500,1889.0,,,,,,,,,,,,
35506,718.0,,,,,,,,,,,,
35553,2804.0,,,,,,,,,,,,
35673,341.0,,,,,,,,,,,,
35769,1422.0,,,,,,,,,,,,
36093,367.0,,,,,,,,,,,,
36132,28582.0,,,,,,,,,,,,
36285,6793.0,,,,,,,,,,,,
36346,984.0,,,,,,,,,,,,
36617,121.0,,,,,,,,,,,,
36621,9473.0,,,,,,,,,,,,
36638,1889.0,,,,,,,,,,,,
36820,1268.0,,,,,,,,,,,,
36881,35298.0,,,,,,,,,,,,
36974,1889.0,,,,,,,,,,,,
37037,367.0,,,,,,,,,,,,
37191,824.0,,,,,,,,,,,,
37194,341.0,,,,,,,,,,,,
37198,367.0,,,,,,,,,,,,
37273,9426.0,,,,,,,,,,,,
37287,2804.0,,,,,,,,,,,,
37346,367.0,,,,,,,,,,,,
37362,9473.0,,,,,,,,,,,,
37381,341.0,,,,,,,,,,,,
37502,367.0,,,,,,,,,,,,
37535,341.0,,,,,,,,,,,,
37736,367.0,,,,,,,,,,,,
37811,367.0,,,,,,,,,,,,
37812,133.0,,,,,,,,,,,,
37885,531.0,,,,,,,,,,,,
38112,367.0,,,,,,,,,,,,
38201,1422.0,,,,,,,,,,,,
38256,367.0,,,,,,,,,,,,
38295,612.0,,,,,,,,,,,,
38297,121.0,,,,,,,,,,,,
38518,612.0,,,,,,,,,,,,
38534,41567.0,,,,,,,,,,,,
38537,367.0,,,,,,,,,,,,
38542,1422.0,,,,,,,,,,,,
38925,2912.0,,,,,,,,,,,,
39062,9426.0,,,,,,,,,,,,
39193,367.0,,,,,,,,,,,,
39265,1780.0,,,,,,,,,,,,
39321,10008.0,,,,,,,,,,,,
39505,1889.0,,,,,,,,,,,,
39537,341.0,,,,,,,,,,,,
39612,4461.0,,,,,,,,,,,,
39690,2565.0,,,,,,,,,,,,
39796,367.0,,,,,,,,,,,,
40263,121.0,,,,,,,,,,,,
40368,18576.0,,,,,,,,,,,,
40369,388.0,,,,,,,,,,,,
40386,367.0,,,,,,,,,,,,
40404,20096.0,,,,,,,,,,,,
40437,367.0,,,,,,,,,,,,
40702,4461.0,,,,,,,,,,,,
40779,1889.0,,,,,,,,,,,,
40921,20096.0,,,,,,,,,,,,
40996,341.0,,,,,,,,,,,,
41198,40275.0,,,,,,,,,,,,
41206,367.0,,,,,,,,,,,,
41284,1889.0,,,,,,,,,,,,
41711,1422.0,,,,,,,,,,,,
41757,367.0,,,,,,,,,,,,
41784,121.0,,,,,,,,,,,,
41791,341.0,,,,,,,,,,,,
41799,367.0,,,,,,,,,,,,
41800,7244.0,,,,,,,,,,,,
41866,367.0,,,,,,,,,,,,
42054,4007.0,,,,,,,,,,,,
42119,367.0,,,,,,,,,,,,
42128,531.0,,,,,,,,,,,,
42355,367.0,,,,,,,,,,,,
42376,341.0,,,,,,,,,,,,
42431,1889.0,,,,,,,,,,,,
42446,26662.0,,,,,,,,,,,,
42630,33402.0,,,,,,,,,,,,
42752,5989.0,,,,,,,,,,,,
43061,1891.0,,,,,,,,,,,,
43077,367.0,,,,,,,,,,,,
43313,1268.0,,,,,,,,,,,,
43475,1268.0,,,,,,,,,,,,
43648,4423.0,,,,,,,,,,,,
43838,40237.0,,,,,,,,,,,,
43908,9556.0,,,,,,,,,,,,
43944,1422.0,,,,,,,,,,,,
44070,9556.0,,,,,,,,,,,,
44142,718.0,,,,,,,,,,,,
44204,1889.0,,,,,,,,,,,,
44240,367.0,,,,,,,,,,,,
44275,367.0,,,,,,,,,,,,
44359,824.0,,,,,,,,,,,,
44508,367.0,,,,,,,,,,,,
44606,25266.0,,,,,,,,,,,,
44924,367.0,,,,,,,,,,,,
45362,9556.0,,,,,,,,,,,,
45383,914.0,,,,,,,,,,,,
45453,1422.0,,,,,,,,,,,,
45530,9473.0,,,,,,,,,,,,
45535,367.0,,,,,,,,,,,,
45540,367.0,,,,,,,,,,,,
45669,4461.0,,,,,,,,,,,,
45689,341.0,,,,,,,,,,,,
45897,490.0,,,,,,,,,,,,
45930,5204.0,,,,,,,,,,,,
46038,824.0,,,,,,,,,,,,
46090,7244.0,,,,,,,,,,,,
46112,10271.0,,,,,,,,,,,,
46407,388.0,,,,,,,,,,,,
46553,121.0,,,,,,,,,,,,
46640,40237.0,,,,,,,,,,,,
46757,367.0,,,,,,,,,,,,
46835,1422.0,,,,,,,,,,,,
46950,4093.0,,,,,,,,,,,,
47056,55739.0,,,,,,,,,,,,
47105,42710.0,,,,,,,,,,,,
47416,341.0,,,,,,,,,,,,
47540,1889.0,,,,,,,,,,,,
47693,367.0,,,,,,,,,,,,
47801,367.0,,,,,,,,,,,,
47844,7244.0,,,,,,,,,,,,
47941,367.0,,,,,,,,,,,,
48079,2912.0,,,,,,,,,,,,
48080,9556.0,,,,,,,,,,,,
48630,1889.0,,,,,,,,,,,,
48636,914.0,,,,,,,,,,,,
48647,371.0,,,,,,,,,,,,
48818,367.0,,,,,,,,,,,,
49033,367.0,,,,,,,,,,,,
49220,1268.0,,,,,,,,,,,,
49540,287.0,,,,,,,,,,,,
49652,3733.0,,,,,,,,,,,,
49834,25317.0,,,,,,,,,,,,
49858,1422.0,,,,,,,,,,,,
49916,367.0,,,,,,,,,,,,
50198,5204.0,,,,,,,,,,,,
50270,1889.0,,,,,,,,,,,,
50355,367.0,,,,,,,,,,,,
50605,367.0,,,,,,,,,,,,
50625,9556.0,,,,,,,,,,,,
50730,341.0,,,,,,,,,,,,
50745,1889.0,,,,,,,,,,,,
50810,9473.0,,,,,,,,,,,,
50938,49388.0,,,,,,,,,,,,
51004,16289.0,,,,,,,,,,,,
51005,367.0,,,,,,,,,,,,
51084,5989.0,,,,,,,,,,,,
51571,367.0,,,,,,,,,,,,
51637,1842.0,,,,,,,,,,,,
52353,367.0,,,,,,,,,,,,
52610,5204.0,,,,,,,,,,,,
52741,367.0,,,,,,,,,,,,
52901,10271.0,,,,,,,,,,,,
52983,133.0,,,,,,,,,,,,
53050,2912.0,,,,,,,,,,,,
53153,4007.0,,,,,,,,,,,,
53167,718.0,,,,,,,,,,,,
53352,367.0,,,,,,,,,,,,
53621,19210.0,,,,,,,,,,,,
53966,9556.0,,,,,,,,,,,,
54051,367.0,,,,,,,,,,,,
54088,341.0,,,,,,,,,,,,
54184,341.0,,,,,,,,,,,,
54224,1889.0,,,,,,,,,,,,
54341,7244.0,,,,,,,,,,,,
54588,341.0,,,,,,,,,,,,
54835,2994.0,,,,,,,,,,,,
54958,121.0,,,,,,,,,,,,
55006,121.0,,,,,,,,,,,,
55070,914.0,,,,,,,,,,,,
55294,367.0,,,,,,,,,,,,
55313,121.0,,,,,,,,,,,,
55561,367.0,,,,,,,,,,,,
55604,371.0,,,,,,,,,,,,
55753,367.0,,,,,,,,,,,,
55845,367.0,,,,,,,,,,,,
55850,12115.0,,,,,,,,,,,,
55994,121.0,,,,,,,,,,,,
56016,341.0,,,,,,,,,,,,
56041,341.0,,,,,,,,,,,,
56074,2396.0,,,,,,,,,,,,
56127,341.0,,,,,,,,,,,,
56365,367.0,,,,,,,,,,,,
56466,16599.0,,,,,,,,,,,,
56495,15523.0,,,,,,,,,,,,
56528,367.0,,,,,,,,,,,,
56616,367.0,,,,,,,,,,,,
56871,371.0,,,,,,,,,,,,
56999,718.0,,,,,,,,,,,,
57138,4461.0,,,,,,,,,,,,
57295,490.0,,,,,,,,,,,,
57354,367.0,,,,,,,,,,,,
57632,367.0,,,,,,,,,,,,
57733,341.0,,,,,,,,,,,,
57781,111.0,,,,,,,,,,,,
57821,490.0,,,,,,,,,,,,
57822,367.0,,,,,,,,,,,,
57939,1422.0,,,,,,,,,,,,
57940,367.0,,,,,,,,,,,,
57973,367.0,,,,,,,,,,,,
58237,367.0,,,,,,,,,,,,
58247,367.0,,,,,,,,,,,,
58405,367.0,,,,,,,,,,,,
58430,367.0,,,,,,,,,,,,
58550,206.0,,,,,,,,,,,,
58967,367.0,,,,,,,,,,,,
59124,490.0,,,,,,,,,,,,
59128,341.0,,,,,,,,,,,,
59232,1891.0,,,,,,,,,,,,
59574,1422.0,,,,,,,,,,,,
59649,371.0,,,,,,,,,,,,
59650,7244.0,,,,,,,,,,,,
59788,367.0,,,,,,,,,,,,
59877,367.0,,,,,,,,,,,,
59957,367.0,,,,,,,,,,,,
60053,2912.0,,,,,,,,,,,,
60219,1780.0,,,,,,,,,,,,
60342,914.0,,,,,,,,,,,,
60351,367.0,,,,,,,,,,,,
60469,19210.0,,,,,,,,,,,,
60491,367.0,,,,,,,,,,,,
60589,824.0,,,,,,,,,,,,
60837,1889.0,,,,,,,,,,,,
60966,7057.0,,,,,,,,,,,,
61148,16404.0,,,,,,,,,,,,
61204,367.0,,,,,,,,,,,,
61308,9556.0,,,,,,,,,,,,
61359,914.0,,,,,,,,,,,,
61381,1889.0,,,,,,,,,,,,
61489,4093.0,,,,,,,,,,,,
61498,4461.0,,,,,,,,,,,,
61538,490.0,,,,,,,,,,,,
61607,1422.0,,,,,,,,,,,,
61960,3733.0,,,,,,,,,,,,
62048,1422.0,,,,,,,,,,,,
62078,490.0,,,,,,,,,,,,
62223,25273.0,,,,,,,,,,,,
62406,35298.0,,,,,,,,,,,,
62427,121.0,,,,,,,,,,,,
62623,9556.0,,,,,,,,,,,,
62628,2912.0,,,,,,,,,,,,
63090,16404.0,,,,,,,,,,,,
63170,367.0,,,,,,,,,,,,
63230,531.0,,,,,,,,,,,,
63353,3733.0,,,,,,,,,,,,
63695,367.0,,,,,,,,,,,,
63734,4093.0,,,,,,,,,,,,
63866,1422.0,,,,,,,,,,,,
63974,1889.0,,,,,,,,,,,,
64060,7244.0,,,,,,,,,,,,
64172,6863.0,,,,,,,,,,,,
64263,2912.0,,,,,,,,,,,,
64390,1889.0,,,,,,,,,,,,
64424,1889.0,,,,,,,,,,,,
64652,367.0,,,,,,,,,,,,
64773,287.0,,,,,,,,,,,,
64827,9556.0,,,,,,,,,,,,
64828,367.0,,,,,,,,,,,,
64866,121.0,,,,,,,,,,,,
65104,35298.0,,,,,,,,,,,,
65324,565.0,,,,,,,,,,,,
65459,367.0,,,,,,,,,,,,
65522,72366.0,,,,,,,,,,,,
65561,914.0,,,,,,,,,,,,
65565,1422.0,,,,,,,,,,,,
65607,341.0,,,,,,,,,,,,
65688,9430.0,,,,,,,,,,,,
65811,771.0,,,,,,,,,,,,
65868,367.0,,,,,,,,,,,,
65891,3882.0,,,,,,,,,,,,
65927,367.0,,,,,,,,,,,,
66118,367.0,,,,,,,,,,,,
66225,121.0,,,,,,,,,,,,
66305,1891.0,,,,,,,,,,,,
66568,4423.0,,,,,,,,,,,,
66628,19210.0,,,,,,,,,,,,
66867,2912.0,,,,,,,,,,,,
67029,367.0,,,,,,,,,,,,
67044,121.0,,,,,,,,,,,,
67155,9556.0,,,,,,,,,,,,
67247,490.0,,,,,,,,,,,,
67322,1268.0,,,,,,,,,,,,
67330,59837.0,,,,,,,,,,,,
67501,341.0,,,,,,,,,,,,
67519,25273.0,,,,,,,,,,,,
67931,1268.0,,,,,,,,,,,,
68041,25273.0,,,,,,,,,,,,
68164,367.0,,,,,,,,,,,,
68208,367.0,,,,,,,,,,,,
68317,28582.0,,,,,,,,,,,,
68536,9556.0,,,,,,,,,,,,
69053,1422.0,,,,,,,,,,,,
69064,6740.0,,,,,,,,,,,,
69075,13175.0,,,,,,,,,,,,
69078,371.0,,,,,,,,,,,,
69357,72714.0,,,,,,,,,,,,
69414,58047.0,,,,,,,,,,,,
69572,367.0,,,,,,,,,,,,
69626,1842.0,,,,,,,,,,,,
69710,718.0,,,,,,,,,,,,
69736,367.0,,,,,,,,,,,,
69818,367.0,,,,,,,,,,,,
69842,9556.0,,,,,,,,,,,,
69996,2612.0,,,,,,,,,,,,
70178,367.0,,,,,,,,,,,,
70265,341.0,,,,,,,,,,,,
70312,20096.0,,,,,,,,,,,,
70323,9556.0,,,,,,,,,,,,
70358,914.0,,,,,,,,,,,,
70493,367.0,,,,,,,,,,,,
70556,1889.0,,,,,,,,,,,,
70627,4049.0,,,,,,,,,,,,
70917,341.0,,,,,,,,,,,,
70952,1889.0,,,,,,,,,,,,
71105,15353.0,,,,,,,,,,,,
71108,206.0,,,,,,,,,,,,
71109,11915.0,,,,,,,,,,,,
71298,367.0,,,,,,,,,,,,
71448,3340.0,,,,,,,,,,,,
71859,490.0,,,,,,,,,,,,
72277,1889.0,,,,,,,,,,,,
72601,9426.0,,,,,,,,,,,,
72688,1889.0,,,,,,,,,,,,
73164,42710.0,,,,,,,,,,,,
73370,367.0,,,,,,,,,,,,
73407,15689.0,,,,,,,,,,,,
73497,367.0,,,,,,,,,,,,
73623,9556.0,,,,,,,,,,,,
73899,27100.0,,,,,,,,,,,,
74005,1889.0,,,,,,,,,,,,
74018,341.0,,,,,,,,,,,,
74134,1889.0,,,,,,,,,,,,
74200,341.0,,,,,,,,,,,,
74215,367.0,,,,,,,,,,,,
74488,121.0,,,,,,,,,,,,
74564,1422.0,,,,,,,,,,,,
74853,367.0,,,,,,,,,,,,
75205,1422.0,,,,,,,,,,,,
75341,25273.0,,,,,,,,,,,,
75489,121.0,,,,,,,,,,,,
75530,25273.0,,,,,,,,,,,,
75596,367.0,,,,,,,,,,,,
75808,367.0,,,,,,,,,,,,
75826,367.0,,,,,,,,,,,,
75875,367.0,,,,,,,,,,,,
75928,367.0,,,,,,,,,,,,
75940,9556.0,,,,,,,,,,,,
75962,341.0,,,,,,,,,,,,
76016,490.0,,,,,,,,,,,,
76071,19210.0,,,,,,,,,,,,
76719,341.0,,,,,,,,,,,,
76916,341.0,,,,,,,,,,,,
77021,1891.0,,,,,,,,,,,,
77028,371.0,,,,,,,,,,,,
77044,40275.0,,,,,,,,,,,,
77426,1889.0,,,,,,,,,,,,
77591,9556.0,,,,,,,,,,,,
77592,367.0,,,,,,,,,,,,
77610,367.0,,,,,,,,,,,,
77717,1422.0,,,,,,,,,,,,
77734,9556.0,,,,,,,,,,,,
77937,367.0,,,,,,,,,,,,
78126,2912.0,,,,,,,,,,,,
78289,341.0,,,,,,,,,,,,
78353,5204.0,,,,,,,,,,,,
78546,367.0,,,,,,,,,,,,
79012,2565.0,,,,,,,,,,,,
890,,23464.0,,,,,,,,,,,
1015,,234.0,,,,,,,,,,,
6156,,25768.0,,,,,,,,,,,
6231,,626.0,,,,,,,,,,,
6276,,57850.0,,,,,,,,,,,
6555,,35985.0,,,,,,,,,,,
14924,,234.0,,,,,,,,,,,
21246,,2823.0,,,,,,,,,,,
24223,,1291.0,,,,,,,,,,,
28200,,344.0,,,,,,,,,,,
30224,,5.0,,,,,,,,,,,
30909,,7285.0,,,,,,,,,,,
41189,,234.0,,,,,,,,,,,
42964,,234.0,,,,,,,,,,,
43616,,1644.0,,,,,,,,,,,
45313,,821.0,,,,,,,,,,,
45364,,234.0,,,,,,,,,,,
47503,,234.0,,,,,,,,,,,
53384,,46582.0,,,,,,,,,,,
54048,,234.0,,,,,,,,,,,
54221,,12671.0,,,,,,,,,,,
58880,,821.0,,,,,,,,,,,
59708,,234.0,,,,,,,,,,,
61007,,234.0,,,,,,,,,,,
61740,,234.0,,,,,,,,,,,
62365,,234.0,,,,,,,,,,,
64090,,234.0,,,,,,,,,,,
64326,,1644.0,,,,,,,,,,,
67458,,1216.0,,,,,,,,,,,
69246,,5.0,,,,,,,,,,,
69258,,1921.0,,,,,,,,,,,
69545,,234.0,,,,,,,,,,,
70170,,234.0,,,,,,,,,,,
70224,,22341.0,,,,,,,,,,,
71634,,60045.0,,,,,,,,,,,
74732,,3024.0,,,,,,,,,,,
74925,,234.0,,,,,,,,,,,
76312,,36715.0,,,,,,,,,,,
76592,,1291.0,,,,,,,,,,,
77055,,234.0,,,,,,,,,,,
78478,,1291.0,,,,,,,,,,,
78978,,234.0,,,,,,,,,,,
153,,,817.0,,,,,,,,,,
530,,,681.0,,,,,,,,,,
621,,,318.0,,,,,,,,,,
1355,,,379.0,,,,,,,,,,
1728,,,22.0,,,,,,,,,,
2506,,,318.0,,,,,,,,,,
2835,,,56.0,,,,,,,,,,
3154,,,379.0,,,,,,,,,,
3284,,,3924.0,,,,,,,,,,
3290,,,152.0,,,,,,,,,,
3331,,,379.0,,,,,,,,,,
3446,,,56.0,,,,,,,,,,
3754,,,2264.0,,,,,,,,,,
3778,,,56.0,,,,,,,,,,
4421,,,40937.0,,,,,,,,,,
4431,,,56.0,,,,,,,,,,
4856,,,2370.0,,,,,,,,,,
4956,,,379.0,,,,,,,,,,
5103,,,56.0,,,,,,,,,,
6125,,,2451.0,,,,,,,,,,
6701,,,1316.0,,,,,,,,,,
7196,,,379.0,,,,,,,,,,
7305,,,66615.0,,,,,,,,,,
7614,,,152.0,,,,,,,,,,
7621,,,318.0,,,,,,,,,,
7715,,,56.0,,,,,,,,,,
7797,,,2462.0,,,,,,,,,,
8407,,,817.0,,,,,,,,,,
8410,,,11368.0,,,,,,,,,,
8464,,,379.0,,,,,,,,,,
8603,,,56.0,,,,,,,,,,
9012,,,379.0,,,,,,,,,,
9478,,,56.0,,,,,,,,,,
9770,,,32158.0,,,,,,,,,,
10104,,,3924.0,,,,,,,,,,
10202,,,4359.0,,,,,,,,,,
11264,,,7098.0,,,,,,,,,,
11588,,,2106.0,,,,,,,,,,
11792,,,56.0,,,,,,,,,,
11858,,,56.0,,,,,,,,,,
12250,,,3101.0,,,,,,,,,,
12297,,,3101.0,,,,,,,,,,
12711,,,22.0,,,,,,,,,,
13973,,,817.0,,,,,,,,,,
14012,,,2158.0,,,,,,,,,,
14211,,,817.0,,,,,,,,,,
14359,,,55612.0,,,,,,,,,,
14562,,,56.0,,,,,,,,,,
15199,,,152.0,,,,,,,,,,
15499,,,379.0,,,,,,,,,,
15543,,,56.0,,,,,,,,,,
15944,,,2158.0,,,,,,,,,,
16048,,,56.0,,,,,,,,,,
16286,,,56.0,,,,,,,,,,
16288,,,6982.0,,,,,,,,,,
16481,,,2462.0,,,,,,,,,,
16688,,,379.0,,,,,,,,,,
17321,,,2451.0,,,,,,,,,,
17605,,,56.0,,,,,,,,,,
17709,,,6900.0,,,,,,,,,,
18139,,,817.0,,,,,,,,,,
18274,,,379.0,,,,,,,,,,
18290,,,5146.0,,,,,,,,,,
18497,,,152.0,,,,,,,,,,
19214,,,817.0,,,,,,,,,,
19377,,,2610.0,,,,,,,,,,
19400,,,318.0,,,,,,,,,,
19738,,,60286.0,,,,,,,,,,
19757,,,54421.0,,,,,,,,,,
20383,,,3166.0,,,,,,,,,,
20640,,,22.0,,,,,,,,,,
21416,,,2462.0,,,,,,,,,,
21431,,,34293.0,,,,,,,,,,
21438,,,56.0,,,,,,,,,,
21451,,,2264.0,,,,,,,,,,
22274,,,4563.0,,,,,,,,,,
22385,,,318.0,,,,,,,,,,
22499,,,817.0,,,,,,,,,,
22765,,,38334.0,,,,,,,,,,
22787,,,817.0,,,,,,,,,,
22827,,,15982.0,,,,,,,,,,
22842,,,817.0,,,,,,,,,,
23370,,,56.0,,,,,,,,,,
24380,,,830.0,,,,,,,,,,
24528,,,152.0,,,,,,,,,,
24884,,,379.0,,,,,,,,,,
25021,,,56.0,,,,,,,,,,
25175,,,817.0,,,,,,,,,,
25426,,,152.0,,,,,,,,,,
25962,,,56.0,,,,,,,,,,
25999,,,56.0,,,,,,,,,,
26277,,,3924.0,,,,,,,,,,
26736,,,379.0,,,,,,,,,,
26764,,,56.0,,,,,,,,,,
26975,,,136.0,,,,,,,,,,
27929,,,817.0,,,,,,,,,,
27966,,,817.0,,,,,,,,,,
28225,,,56.0,,,,,,,,,,
28334,,,2462.0,,,,,,,,,,
28655,,,379.0,,,,,,,,,,
28815,,,152.0,,,,,,,,,,
29032,,,318.0,,,,,,,,,,
29363,,,56.0,,,,,,,,,,
29486,,,63176.0,,,,,,,,,,
29708,,,379.0,,,,,,,,,,
29935,,,56.0,,,,,,,,,,
30080,,,54421.0,,,,,,,,,,
30952,,,564.0,,,,,,,,,,
31300,,,47849.0,,,,,,,,,,
31822,,,56.0,,,,,,,,,,
32435,,,56.0,,,,,,,,,,
32436,,,817.0,,,,,,,,,,
32555,,,5431.0,,,,,,,,,,
33439,,,379.0,,,,,,,,,,
33846,,,56.0,,,,,,,,,,
33906,,,379.0,,,,,,,,,,
33947,,,2148.0,,,,,,,,,,
34094,,,379.0,,,,,,,,,,
34098,,,152.0,,,,,,,,,,
35074,,,56.0,,,,,,,,,,
35182,,,56.0,,,,,,,,,,
35672,,,7098.0,,,,,,,,,,
35781,,,318.0,,,,,,,,,,
36206,,,4359.0,,,,,,,,,,
36582,,,318.0,,,,,,,,,,
37144,,,1316.0,,,,,,,,,,
37686,,,817.0,,,,,,,,,,
38193,,,56.0,,,,,,,,,,
38279,,,56.0,,,,,,,,,,
38339,,,56.0,,,,,,,,,,
38343,,,379.0,,,,,,,,,,
38511,,,379.0,,,,,,,,,,
39074,,,56.0,,,,,,,,,,
39137,,,1123.0,,,,,,,,,,
39313,,,379.0,,,,,,,,,,
39541,,,817.0,,,,,,,,,,
39590,,,152.0,,,,,,,,,,
39608,,,1286.0,,,,,,,,,,
39644,,,6593.0,,,,,,,,,,
40270,,,56.0,,,,,,,,,,
40519,,,1316.0,,,,,,,,,,
40637,,,5591.0,,,,,,,,,,
41322,,,4401.0,,,,,,,,,,
41621,,,56.0,,,,,,,,,,
41814,,,564.0,,,,,,,,,,
41993,,,56.0,,,,,,,,,,
42051,,,4359.0,,,,,,,,,,
42072,,,318.0,,,,,,,,,,
42096,,,54704.0,,,,,,,,,,
42382,,,817.0,,,,,,,,,,
42876,,,56.0,,,,,,,,,,
43087,,,379.0,,,,,,,,,,
43621,,,379.0,,,,,,,,,,
43918,,,2708.0,,,,,,,,,,
44002,,,6982.0,,,,,,,,,,
44343,,,379.0,,,,,,,,,,
44581,,,379.0,,,,,,,,,,
44666,,,7406.0,,,,,,,,,,
44975,,,5591.0,,,,,,,,,,
45202,,,5431.0,,,,,,,,,,
45309,,,318.0,,,,,,,,,,
45354,,,318.0,,,,,,,,,,
45572,,,56.0,,,,,,,,,,
46039,,,56.0,,,,,,,,,,
46516,,,318.0,,,,,,,,,,
46551,,,56.0,,,,,,,,,,
46732,,,1316.0,,,,,,,,,,
46820,,,1316.0,,,,,,,,,,
47285,,,23337.0,,,,,,,,,,
48628,,,3736.0,,,,,,,,,,
48662,,,5180.0,,,,,,,,,,
49133,,,318.0,,,,,,,,,,
49569,,,61810.0,,,,,,,,,,
49838,,,379.0,,,,,,,,,,
50059,,,318.0,,,,,,,,,,
50357,,,2158.0,,,,,,,,,,
50766,,,56.0,,,,,,,,,,
50921,,,56.0,,,,,,,,,,
51296,,,379.0,,,,,,,,,,
51514,,,56.0,,,,,,,,,,
51546,,,56.0,,,,,,,,,,
51865,,,681.0,,,,,,,,,,
52143,,,2462.0,,,,,,,,,,
52746,,,817.0,,,,,,,,,,
53065,,,681.0,,,,,,,,,,
53942,,,56.0,,,,,,,,,,
54361,,,817.0,,,,,,,,,,
54842,,,379.0,,,,,,,,,,
55236,,,318.0,,,,,,,,,,
55452,,,379.0,,,,,,,,,,
55681,,,38874.0,,,,,,,,,,
55804,,,56.0,,,,,,,,,,
56294,,,63389.0,,,,,,,,,,
56450,,,3162.0,,,,,,,,,,
56838,,,817.0,,,,,,,,,,
56924,,,379.0,,,,,,,,,,
57480,,,817.0,,,,,,,,,,
57513,,,56.0,,,,,,,,,,
57535,,,56.0,,,,,,,,,,
57622,,,15545.0,,,,,,,,,,
58117,,,18355.0,,,,,,,,,,
58151,,,817.0,,,,,,,,,,
58318,,,318.0,,,,,,,,,,
58431,,,1316.0,,,,,,,,,,
58523,,,3924.0,,,,,,,,,,
58773,,,2370.0,,,,,,,,,,
58807,,,4359.0,,,,,,,,,,
58822,,,152.0,,,,,,,,,,
59291,,,2462.0,,,,,,,,,,
59385,,,379.0,,,,,,,,,,
60197,,,379.0,,,,,,,,,,
60247,,,4359.0,,,,,,,,,,
60301,,,2264.0,,,,,,,,,,
60408,,,56.0,,,,,,,,,,
60673,,,379.0,,,,,,,,,,
61376,,,56.0,,,,,,,,,,
61843,,,318.0,,,,,,,,,,
62939,,,2264.0,,,,,,,,,,
63035,,,56.0,,,,,,,,,,
64550,,,11368.0,,,,,,,,,,
64911,,,8535.0,,,,,,,,,,
64952,,,318.0,,,,,,,,,,
66097,,,379.0,,,,,,,,,,
66122,,,379.0,,,,,,,,,,
66366,,,56.0,,,,,,,,,,
66955,,,379.0,,,,,,,,,,
67333,,,5933.0,,,,,,,,,,
67630,,,56.0,,,,,,,,,,
68846,,,2158.0,,,,,,,,,,
68873,,,32158.0,,,,,,,,,,
68901,,,379.0,,,,,,,,,,
68963,,,379.0,,,,,,,,,,
69020,,,56.0,,,,,,,,,,
69534,,,379.0,,,,,,,,,,
69658,,,7406.0,,,,,,,,,,
69944,,,3736.0,,,,,,,,,,
70363,,,9026.0,,,,,,,,,,
70416,,,318.0,,,,,,,,,,
70643,,,379.0,,,,,,,,,,
70904,,,56.0,,,,,,,,,,
71260,,,56.0,,,,,,,,,,
71338,,,56.0,,,,,,,,,,
71761,,,681.0,,,,,,,,,,
74226,,,4359.0,,,,,,,,,,
74403,,,56.0,,,,,,,,,,
75518,,,56.0,,,,,,,,,,
75747,,,2158.0,,,,,,,,,,
75814,,,56.0,,,,,,,,,,
75846,,,2462.0,,,,,,,,,,
75893,,,379.0,,,,,,,,,,
76143,,,56.0,,,,,,,,,,
76458,,,318.0,,,,,,,,,,
76469,,,817.0,,,,,,,,,,
76477,,,56.0,,,,,,,,,,
77240,,,681.0,,,,,,,,,,
77276,,,34293.0,,,,,,,,,,
77730,,,12115.0,,,,,,,,,,
77741,,,56.0,,,,,,,,,,
77947,,,7098.0,,,,,,,,,,
78019,,,152.0,,,,,,,,,,
78121,,,379.0,,,,,,,,,,
78243,,,15678.0,,,,,,,,,,
78331,,,5431.0,,,,,,,,,,
70,,,,281.0,,,,,,,,,
74,,,,3658.0,,,,,,,,,
129,,,,13.0,,,,,,,,,
138,,,,28213.0,,,,,,,,,
160,,,,392.0,,,,,,,,,
316,,,,13.0,,,,,,,,,
590,,,,13.0,,,,,,,,,
613,,,,3660.0,,,,,,,,,
637,,,,595.0,,,,,,,,,
662,,,,13.0,,,,,,,,,
678,,,,1348.0,,,,,,,,,
790,,,,392.0,,,,,,,,,
957,,,,281.0,,,,,,,,,
1086,,,,1348.0,,,,,,,,,
1126,,,,13.0,,,,,,,,,
1389,,,,34184.0,,,,,,,,,
1482,,,,83.0,,,,,,,,,
1655,,,,1348.0,,,,,,,,,
1665,,,,13.0,,,,,,,,,
1683,,,,1348.0,,,,,,,,,
1730,,,,1348.0,,,,,,,,,
1853,,,,16154.0,,,,,,,,,
1889,,,,35298.0,,,,,,,,,
2053,,,,1348.0,,,,,,,,,
2068,,,,1992.0,,,,,,,,,
2221,,,,35298.0,,,,,,,,,
2273,,,,83.0,,,,,,,,,
2294,,,,281.0,,,,,,,,,
2357,,,,39995.0,,,,,,,,,
2478,,,,281.0,,,,,,,,,
2545,,,,3708.0,,,,,,,,,
2729,,,,1583.0,,,,,,,,,
2948,,,,13.0,,,,,,,,,
3000,,,,1654.0,,,,,,,,,
3230,,,,6954.0,,,,,,,,,
3346,,,,2816.0,,,,,,,,,
3605,,,,1348.0,,,,,,,,,
3996,,,,13130.0,,,,,,,,,
4397,,,,24132.0,,,,,,,,,
4611,,,,3531.0,,,,,,,,,
4677,,,,4410.0,,,,,,,,,
4723,,,,281.0,,,,,,,,,
4808,,,,392.0,,,,,,,,,
4819,,,,83.0,,,,,,,,,
4849,,,,50452.0,,,,,,,,,
4911,,,,392.0,,,,,,,,,
4964,,,,23829.0,,,,,,,,,
5020,,,,281.0,,,,,,,,,
5157,,,,13.0,,,,,,,,,
5176,,,,83.0,,,,,,,,,
5362,,,,595.0,,,,,,,,,
5428,,,,14555.0,,,,,,,,,
5493,,,,1992.0,,,,,,,,,
5507,,,,1435.0,,,,,,,,,
5942,,,,595.0,,,,,,,,,
6234,,,,1348.0,,,,,,,,,
6270,,,,3660.0,,,,,,,,,
6285,,,,938.0,,,,,,,,,
6286,,,,13.0,,,,,,,,,
6438,,,,3445.0,,,,,,,,,
6557,,,,1348.0,,,,,,,,,
6592,,,,281.0,,,,,,,,,
6645,,,,3445.0,,,,,,,,,
6934,,,,72094.0,,,,,,,,,
7290,,,,592.0,,,,,,,,,
7337,,,,20436.0,,,,,,,,,
7459,,,,83.0,,,,,,,,,
7623,,,,13.0,,,,,,,,,
7666,,,,4753.0,,,,,,,,,
7764,,,,392.0,,,,,,,,,
7985,,,,392.0,,,,,,,,,
7999,,,,13.0,,,,,,,,,
8044,,,,83.0,,,,,,,,,
8202,,,,1348.0,,,,,,,,,
8295,,,,6091.0,,,,,,,,,
8323,,,,281.0,,,,,,,,,
8361,,,,6091.0,,,,,,,,,
8510,,,,1134.0,,,,,,,,,
8525,,,,1002.0,,,,,,,,,
8591,,,,595.0,,,,,,,,,
8620,,,,392.0,,,,,,,,,
8623,,,,28998.0,,,,,,,,,
8803,,,,392.0,,,,,,,,,
8879,,,,1348.0,,,,,,,,,
9008,,,,13.0,,,,,,,,,
9109,,,,516.0,,,,,,,,,
9239,,,,392.0,,,,,,,,,
9347,,,,516.0,,,,,,,,,
9496,,,,595.0,,,,,,,,,
9849,,,,2664.0,,,,,,,,,
9894,,,,13.0,,,,,,,,,
10165,,,,595.0,,,,,,,,,
10392,,,,13.0,,,,,,,,,
10396,,,,595.0,,,,,,,,,
10413,,,,392.0,,,,,,,,,
10785,,,,6954.0,,,,,,,,,
11070,,,,6954.0,,,,,,,,,
11131,,,,30295.0,,,,,,,,,
11259,,,,38772.0,,,,,,,,,
11475,,,,24042.0,,,,,,,,,
11486,,,,2664.0,,,,,,,,,
11698,,,,550.0,,,,,,,,,
11809,,,,1348.0,,,,,,,,,
11863,,,,392.0,,,,,,,,,
11917,,,,1348.0,,,,,,,,,
11934,,,,13310.0,,,,,,,,,
11954,,,,50141.0,,,,,,,,,
12065,,,,595.0,,,,,,,,,
12119,,,,3544.0,,,,,,,,,
12185,,,,1969.0,,,,,,,,,
12269,,,,83.0,,,,,,,,,
12424,,,,25178.0,,,,,,,,,
12524,,,,83.0,,,,,,,,,
12590,,,,83.0,,,,,,,,,
12697,,,,392.0,,,,,,,,,
12883,,,,13.0,,,,,,,,,
12977,,,,1583.0,,,,,,,,,
13070,,,,57905.0,,,,,,,,,
13243,,,,595.0,,,,,,,,,
13343,,,,34576.0,,,,,,,,,
13403,,,,6091.0,,,,,,,,,
13763,,,,13.0,,,,,,,,,
13798,,,,1348.0,,,,,,,,,
13920,,,,3658.0,,,,,,,,,
13957,,,,392.0,,,,,,,,,
14092,,,,516.0,,,,,,,,,
14119,,,,3445.0,,,,,,,,,
14196,,,,595.0,,,,,,,,,
14387,,,,1348.0,,,,,,,,,
14410,,,,13.0,,,,,,,,,
14584,,,,1348.0,,,,,,,,,
14628,,,,83.0,,,,,,,,,
14694,,,,1348.0,,,,,,,,,
14731,,,,12671.0,,,,,,,,,
14758,,,,13.0,,,,,,,,,
14904,,,,83.0,,,,,,,,,
14991,,,,550.0,,,,,,,,,
14996,,,,13.0,,,,,,,,,
15036,,,,3445.0,,,,,,,,,
15194,,,,44129.0,,,,,,,,,
15478,,,,12342.0,,,,,,,,,
15659,,,,595.0,,,,,,,,,
15719,,,,1348.0,,,,,,,,,
15756,,,,25553.0,,,,,,,,,
15829,,,,3660.0,,,,,,,,,
15949,,,,516.0,,,,,,,,,
16360,,,,83.0,,,,,,,,,
16427,,,,6954.0,,,,,,,,,
16557,,,,550.0,,,,,,,,,
16684,,,,3660.0,,,,,,,,,
16838,,,,13.0,,,,,,,,,
17205,,,,392.0,,,,,,,,,
17308,,,,27589.0,,,,,,,,,
17309,,,,13.0,,,,,,,,,
17410,,,,6954.0,,,,,,,,,
17437,,,,3551.0,,,,,,,,,
17644,,,,4753.0,,,,,,,,,
17655,,,,42710.0,,,,,,,,,
17674,,,,13.0,,,,,,,,,
17734,,,,281.0,,,,,,,,,
17827,,,,3445.0,,,,,,,,,
17926,,,,1348.0,,,,,,,,,
18202,,,,13.0,,,,,,,,,
18242,,,,3445.0,,,,,,,,,
18305,,,,1348.0,,,,,,,,,
18322,,,,1348.0,,,,,,,,,
18374,,,,1992.0,,,,,,,,,
18384,,,,3551.0,,,,,,,,,
18453,,,,14555.0,,,,,,,,,
18723,,,,1348.0,,,,,,,,,
18813,,,,392.0,,,,,,,,,
18844,,,,24134.0,,,,,,,,,
18845,,,,83.0,,,,,,,,,
18860,,,,10812.0,,,,,,,,,
19015,,,,34602.0,,,,,,,,,
19123,,,,392.0,,,,,,,,,
19396,,,,13310.0,,,,,,,,,
19448,,,,392.0,,,,,,,,,
19647,,,,5345.0,,,,,,,,,
19778,,,,595.0,,,,,,,,,
19789,,,,516.0,,,,,,,,,
19917,,,,392.0,,,,,,,,,
19966,,,,5345.0,,,,,,,,,
19998,,,,13.0,,,,,,,,,
20055,,,,16812.0,,,,,,,,,
20088,,,,392.0,,,,,,,,,
20305,,,,1348.0,,,,,,,,,
20348,,,,392.0,,,,,,,,,
20649,,,,1348.0,,,,,,,,,
20709,,,,13.0,,,,,,,,,
20747,,,,3660.0,,,,,,,,,
20769,,,,595.0,,,,,,,,,
21295,,,,13.0,,,,,,,,,
21338,,,,3708.0,,,,,,,,,
21363,,,,13.0,,,,,,,,,
21457,,,,1654.0,,,,,,,,,
21475,,,,1348.0,,,,,,,,,
21551,,,,13.0,,,,,,,,,
21840,,,,2280.0,,,,,,,,,
21865,,,,19670.0,,,,,,,,,
21866,,,,595.0,,,,,,,,,
21894,,,,3445.0,,,,,,,,,
21921,,,,3660.0,,,,,,,,,
22140,,,,2664.0,,,,,,,,,
22492,,,,1435.0,,,,,,,,,
22815,,,,12342.0,,,,,,,,,
23036,,,,51871.0,,,,,,,,,
23067,,,,6954.0,,,,,,,,,
23157,,,,13.0,,,,,,,,,
23206,,,,3445.0,,,,,,,,,
23229,,,,13.0,,,,,,,,,
23230,,,,13.0,,,,,,,,,
23305,,,,516.0,,,,,,,,,
23611,,,,13.0,,,,,,,,,
23769,,,,392.0,,,,,,,,,
23976,,,,13.0,,,,,,,,,
24246,,,,83.0,,,,,,,,,
24492,,,,592.0,,,,,,,,,
24560,,,,13833.0,,,,,,,,,
25026,,,,1623.0,,,,,,,,,
25043,,,,13.0,,,,,,,,,
25226,,,,3296.0,,,,,,,,,
25502,,,,4753.0,,,,,,,,,
25677,,,,83.0,,,,,,,,,
26032,,,,516.0,,,,,,,,,
26412,,,,3445.0,,,,,,,,,
26507,,,,20436.0,,,,,,,,,
26639,,,,18198.0,,,,,,,,,
26743,,,,83.0,,,,,,,,,
26824,,,,1348.0,,,,,,,,,
27063,,,,1654.0,,,,,,,,,
27091,,,,14555.0,,,,,,,,,
27169,,,,3660.0,,,,,,,,,
27348,,,,44995.0,,,,,,,,,
27461,,,,1348.0,,,,,,,,,
27490,,,,392.0,,,,,,,,,
27622,,,,8774.0,,,,,,,,,
27771,,,,83.0,,,,,,,,,
27822,,,,516.0,,,,,,,,,
28010,,,,984.0,,,,,,,,,
28088,,,,3445.0,,,,,,,,,
28135,,,,13.0,,,,,,,,,
28150,,,,3445.0,,,,,,,,,
28167,,,,516.0,,,,,,,,,
28249,,,,1348.0,,,,,,,,,
28532,,,,2816.0,,,,,,,,,
28553,,,,1348.0,,,,,,,,,
28567,,,,392.0,,,,,,,,,
28683,,,,50141.0,,,,,,,,,
28890,,,,595.0,,,,,,,,,
28909,,,,392.0,,,,,,,,,
28937,,,,13.0,,,,,,,,,
29036,,,,516.0,,,,,,,,,
29128,,,,516.0,,,,,,,,,
29169,,,,34576.0,,,,,,,,,
29248,,,,6656.0,,,,,,,,,
29308,,,,2610.0,,,,,,,,,
29544,,,,1002.0,,,,,,,,,
29577,,,,516.0,,,,,,,,,
29691,,,,83.0,,,,,,,,,
29760,,,,25850.0,,,,,,,,,
29773,,,,51871.0,,,,,,,,,
29891,,,,3658.0,,,,,,,,,
29919,,,,13.0,,,,,,,,,
29996,,,,13.0,,,,,,,,,
30183,,,,13.0,,,,,,,,,
30490,,,,83.0,,,,,,,,,
30883,,,,881.0,,,,,,,,,
30894,,,,13.0,,,,,,,,,
30916,,,,1348.0,,,,,,,,,
31000,,,,83.0,,,,,,,,,
31047,,,,1348.0,,,,,,,,,
31086,,,,2528.0,,,,,,,,,
31105,,,,392.0,,,,,,,,,
31209,,,,23829.0,,,,,,,,,
31270,,,,516.0,,,,,,,,,
31326,,,,1348.0,,,,,,,,,
31485,,,,3445.0,,,,,,,,,
31670,,,,1348.0,,,,,,,,,
31777,,,,1227.0,,,,,,,,,
31987,,,,83.0,,,,,,,,,
32011,,,,13.0,,,,,,,,,
32188,,,,1348.0,,,,,,,,,
32341,,,,595.0,,,,,,,,,
32353,,,,2066.0,,,,,,,,,
32377,,,,83.0,,,,,,,,,
32491,,,,13.0,,,,,,,,,
32845,,,,1992.0,,,,,,,,,
32871,,,,550.0,,,,,,,,,
32933,,,,13.0,,,,,,,,,
33043,,,,13.0,,,,,,,,,
33095,,,,516.0,,,,,,,,,
33116,,,,6954.0,,,,,,,,,
33168,,,,3296.0,,,,,,,,,
33226,,,,3708.0,,,,,,,,,
33384,,,,6091.0,,,,,,,,,
33559,,,,13.0,,,,,,,,,
33658,,,,22092.0,,,,,,,,,
33953,,,,13.0,,,,,,,,,
34142,,,,6954.0,,,,,,,,,
34154,,,,13.0,,,,,,,,,
34200,,,,34067.0,,,,,,,,,
34268,,,,392.0,,,,,,,,,
34635,,,,25553.0,,,,,,,,,
34754,,,,392.0,,,,,,,,,
34916,,,,1654.0,,,,,,,,,
34983,,,,1348.0,,,,,,,,,
35068,,,,23829.0,,,,,,,,,
35073,,,,20076.0,,,,,,,,,
35258,,,,1348.0,,,,,,,,,
35418,,,,24499.0,,,,,,,,,
35517,,,,595.0,,,,,,,,,
35557,,,,13.0,,,,,,,,,
35610,,,,392.0,,,,,,,,,
35789,,,,8774.0,,,,,,,,,
35868,,,,13.0,,,,,,,,,
35936,,,,6954.0,,,,,,,,,
35965,,,,516.0,,,,,,,,,
36016,,,,6954.0,,,,,,,,,
36027,,,,83.0,,,,,,,,,
36273,,,,14555.0,,,,,,,,,
36445,,,,1348.0,,,,,,,,,
36455,,,,1348.0,,,,,,,,,
36492,,,,1348.0,,,,,,,,,
36532,,,,13.0,,,,,,,,,
36702,,,,13.0,,,,,,,,,
36853,,,,392.0,,,,,,,,,
36860,,,,516.0,,,,,,,,,
36873,,,,595.0,,,,,,,,,
36876,,,,2280.0,,,,,,,,,
36896,,,,20793.0,,,,,,,,,
36940,,,,42715.0,,,,,,,,,
36948,,,,83.0,,,,,,,,,
37005,,,,2816.0,,,,,,,,,
37257,,,,13.0,,,,,,,,,
37267,,,,1348.0,,,,,,,,,
37296,,,,4410.0,,,,,,,,,
37341,,,,15611.0,,,,,,,,,
37492,,,,938.0,,,,,,,,,
37768,,,,3708.0,,,,,,,,,
37937,,,,1654.0,,,,,,,,,
38109,,,,550.0,,,,,,,,,
38299,,,,6954.0,,,,,,,,,
38525,,,,6656.0,,,,,,,,,
38661,,,,9952.0,,,,,,,,,
38928,,,,13.0,,,,,,,,,
38944,,,,516.0,,,,,,,,,
39101,,,,1880.0,,,,,,,,,
39165,,,,1348.0,,,,,,,,,
39227,,,,7225.0,,,,,,,,,
39389,,,,2816.0,,,,,,,,,
39411,,,,3660.0,,,,,,,,,
39585,,,,19693.0,,,,,,,,,
39603,,,,516.0,,,,,,,,,
39849,,,,1348.0,,,,,,,,,
40060,,,,1348.0,,,,,,,,,
40096,,,,13.0,,,,,,,,,
40147,,,,13.0,,,,,,,,,
40178,,,,350.0,,,,,,,,,
40423,,,,1406.0,,,,,,,,,
40620,,,,392.0,,,,,,,,,
40627,,,,1348.0,,,,,,,,,
40662,,,,3658.0,,,,,,,,,
40698,,,,287.0,,,,,,,,,
40806,,,,881.0,,,,,,,,,
41101,,,,392.0,,,,,,,,,
41111,,,,281.0,,,,,,,,,
41336,,,,13.0,,,,,,,,,
41464,,,,38493.0,,,,,,,,,
41469,,,,13324.0,,,,,,,,,
41501,,,,83.0,,,,,,,,,
41538,,,,281.0,,,,,,,,,
41551,,,,57905.0,,,,,,,,,
41560,,,,1348.0,,,,,,,,,
41561,,,,68613.0,,,,,,,,,
41794,,,,595.0,,,,,,,,,
41836,,,,9399.0,,,,,,,,,
42217,,,,1348.0,,,,,,,,,
42244,,,,13.0,,,,,,,,,
42261,,,,392.0,,,,,,,,,
42456,,,,3296.0,,,,,,,,,
42464,,,,19693.0,,,,,,,,,
42541,,,,18198.0,,,,,,,,,
42567,,,,2664.0,,,,,,,,,
42714,,,,392.0,,,,,,,,,
42866,,,,35298.0,,,,,,,,,
42947,,,,83.0,,,,,,,,,
43219,,,,4410.0,,,,,,,,,
43404,,,,1227.0,,,,,,,,,
43467,,,,516.0,,,,,,,,,
43508,,,,3551.0,,,,,,,,,
43561,,,,516.0,,,,,,,,,
43679,,,,13.0,,,,,,,,,
43739,,,,15611.0,,,,,,,,,
43980,,,,516.0,,,,,,,,,
44091,,,,25404.0,,,,,,,,,
44208,,,,1348.0,,,,,,,,,
44562,,,,13.0,,,,,,,,,
44715,,,,13.0,,,,,,,,,
44765,,,,392.0,,,,,,,,,
44889,,,,1348.0,,,,,,,,,
45242,,,,516.0,,,,,,,,,
45321,,,,83.0,,,,,,,,,
45357,,,,30295.0,,,,,,,,,
45546,,,,1348.0,,,,,,,,,
45791,,,,44995.0,,,,,,,,,
45803,,,,3658.0,,,,,,,,,
46120,,,,65041.0,,,,,,,,,
46138,,,,1348.0,,,,,,,,,
46289,,,,392.0,,,,,,,,,
46335,,,,14555.0,,,,,,,,,
46359,,,,281.0,,,,,,,,,
46390,,,,1348.0,,,,,,,,,
46444,,,,1348.0,,,,,,,,,
46595,,,,13.0,,,,,,,,,
46725,,,,3660.0,,,,,,,,,
46967,,,,516.0,,,,,,,,,
47358,,,,10812.0,,,,,,,,,
47466,,,,1348.0,,,,,,,,,
47575,,,,516.0,,,,,,,,,
47647,,,,392.0,,,,,,,,,
47690,,,,1348.0,,,,,,,,,
47810,,,,13130.0,,,,,,,,,
48010,,,,4634.0,,,,,,,,,
48155,,,,2816.0,,,,,,,,,
48260,,,,1348.0,,,,,,,,,
48446,,,,595.0,,,,,,,,,
48956,,,,83.0,,,,,,,,,
48973,,,,516.0,,,,,,,,,
49202,,,,83.0,,,,,,,,,
49210,,,,1348.0,,,,,,,,,
49248,,,,516.0,,,,,,,,,
49263,,,,3445.0,,,,,,,,,
49292,,,,1348.0,,,,,,,,,
49310,,,,595.0,,,,,,,,,
49524,,,,13.0,,,,,,,,,
49657,,,,52102.0,,,,,,,,,
49665,,,,1348.0,,,,,,,,,
49868,,,,83.0,,,,,,,,,
49974,,,,1348.0,,,,,,,,,
49991,,,,13.0,,,,,,,,,
50265,,,,13.0,,,,,,,,,
50543,,,,392.0,,,,,,,,,
50567,,,,281.0,,,,,,,,,
50635,,,,1348.0,,,,,,,,,
50700,,,,3445.0,,,,,,,,,
50829,,,,13.0,,,,,,,,,
50902,,,,516.0,,,,,,,,,
50919,,,,13.0,,,,,,,,,
51155,,,,13.0,,,,,,,,,
51190,,,,281.0,,,,,,,,,
51693,,,,8537.0,,,,,,,,,
51698,,,,595.0,,,,,,,,,
51719,,,,83.0,,,,,,,,,
51771,,,,1348.0,,,,,,,,,
51861,,,,83.0,,,,,,,,,
51994,,,,13.0,,,,,,,,,
52139,,,,6954.0,,,,,,,,,
52215,,,,3445.0,,,,,,,,,
52248,,,,40777.0,,,,,,,,,
52675,,,,595.0,,,,,,,,,
52856,,,,392.0,,,,,,,,,
53110,,,,23829.0,,,,,,,,,
53127,,,,13.0,,,,,,,,,
53199,,,,1654.0,,,,,,,,,
53224,,,,1348.0,,,,,,,,,
53252,,,,1348.0,,,,,,,,,
53293,,,,1348.0,,,,,,,,,
53317,,,,18026.0,,,,,,,,,
53510,,,,13.0,,,,,,,,,
53526,,,,1348.0,,,,,,,,,
53564,,,,595.0,,,,,,,,,
53617,,,,24134.0,,,,,,,,,
53622,,,,550.0,,,,,,,,,
53768,,,,1348.0,,,,,,,,,
53820,,,,595.0,,,,,,,,,
53955,,,,392.0,,,,,,,,,
53990,,,,35298.0,,,,,,,,,
54179,,,,13.0,,,,,,,,,
54376,,,,6954.0,,,,,,,,,
54770,,,,1348.0,,,,,,,,,
54821,,,,6954.0,,,,,,,,,
54830,,,,838.0,,,,,,,,,
55140,,,,13.0,,,,,,,,,
55269,,,,83.0,,,,,,,,,
55280,,,,595.0,,,,,,,,,
56063,,,,550.0,,,,,,,,,
56109,,,,3445.0,,,,,,,,,
56124,,,,50452.0,,,,,,,,,
56494,,,,23829.0,,,,,,,,,
56530,,,,8537.0,,,,,,,,,
56561,,,,1654.0,,,,,,,,,
56747,,,,13.0,,,,,,,,,
56772,,,,1654.0,,,,,,,,,
56801,,,,13.0,,,,,,,,,
56807,,,,938.0,,,,,,,,,
56945,,,,1348.0,,,,,,,,,
57111,,,,4364.0,,,,,,,,,
57186,,,,1348.0,,,,,,,,,
57242,,,,44995.0,,,,,,,,,
57404,,,,1348.0,,,,,,,,,
57426,,,,8537.0,,,,,,,,,
57508,,,,281.0,,,,,,,,,
57759,,,,1348.0,,,,,,,,,
57848,,,,1348.0,,,,,,,,,
57865,,,,392.0,,,,,,,,,
57928,,,,1348.0,,,,,,,,,
58056,,,,595.0,,,,,,,,,
58313,,,,83.0,,,,,,,,,
58331,,,,392.0,,,,,,,,,
58466,,,,1348.0,,,,,,,,,
58482,,,,2816.0,,,,,,,,,
58490,,,,392.0,,,,,,,,,
58619,,,,1348.0,,,,,,,,,
58723,,,,13.0,,,,,,,,,
58825,,,,3445.0,,,,,,,,,
59065,,,,1348.0,,,,,,,,,
59258,,,,392.0,,,,,,,,,
59364,,,,13.0,,,,,,,,,
59438,,,,392.0,,,,,,,,,
59591,,,,6146.0,,,,,,,,,
59623,,,,3445.0,,,,,,,,,
59646,,,,13.0,,,,,,,,,
59777,,,,1348.0,,,,,,,,,
59812,,,,2664.0,,,,,,,,,
59965,,,,1348.0,,,,,,,,,
60013,,,,281.0,,,,,,,,,
60058,,,,1348.0,,,,,,,,,
60504,,,,3445.0,,,,,,,,,
60606,,,,1348.0,,,,,,,,,
60800,,,,1348.0,,,,,,,,,
60801,,,,1348.0,,,,,,,,,
60818,,,,34576.0,,,,,,,,,
61144,,,,2664.0,,,,,,,,,
61365,,,,1348.0,,,,,,,,,
61392,,,,1348.0,,,,,,,,,
61397,,,,83.0,,,,,,,,,
61466,,,,1348.0,,,,,,,,,
61599,,,,3445.0,,,,,,,,,
61726,,,,392.0,,,,,,,,,
62236,,,,34576.0,,,,,,,,,
62247,,,,516.0,,,,,,,,,
62516,,,,83.0,,,,,,,,,
62680,,,,392.0,,,,,,,,,
62725,,,,22092.0,,,,,,,,,
62957,,,,281.0,,,,,,,,,
62996,,,,1348.0,,,,,,,,,
63305,,,,392.0,,,,,,,,,
63376,,,,3445.0,,,,,,,,,
63458,,,,13.0,,,,,,,,,
63557,,,,3445.0,,,,,,,,,
63666,,,,1348.0,,,,,,,,,
63698,,,,1623.0,,,,,,,,,
63831,,,,13.0,,,,,,,,,
64048,,,,3296.0,,,,,,,,,
64206,,,,1348.0,,,,,,,,,
64443,,,,13130.0,,,,,,,,,
64733,,,,13.0,,,,,,,,,
64875,,,,8774.0,,,,,,,,,
65067,,,,74622.0,,,,,,,,,
65124,,,,1348.0,,,,,,,,,
65148,,,,16928.0,,,,,,,,,
65149,,,,550.0,,,,,,,,,
65224,,,,1002.0,,,,,,,,,
65437,,,,1654.0,,,,,,,,,
65527,,,,392.0,,,,,,,,,
65844,,,,13310.0,,,,,,,,,
66328,,,,595.0,,,,,,,,,
66604,,,,1654.0,,,,,,,,,
66776,,,,2816.0,,,,,,,,,
66886,,,,13.0,,,,,,,,,
66887,,,,1348.0,,,,,,,,,
66966,,,,1348.0,,,,,,,,,
67115,,,,19693.0,,,,,,,,,
67159,,,,83.0,,,,,,,,,
67216,,,,83.0,,,,,,,,,
67268,,,,60221.0,,,,,,,,,
67289,,,,1348.0,,,,,,,,,
67309,,,,595.0,,,,,,,,,
67439,,,,516.0,,,,,,,,,
67492,,,,18319.0,,,,,,,,,
67666,,,,13.0,,,,,,,,,
67719,,,,3445.0,,,,,,,,,
67819,,,,12671.0,,,,,,,,,
67991,,,,31408.0,,,,,,,,,
68246,,,,595.0,,,,,,,,,
68497,,,,1348.0,,,,,,,,,
68539,,,,516.0,,,,,,,,,
68746,,,,10812.0,,,,,,,,,
68793,,,,4817.0,,,,,,,,,
69007,,,,1348.0,,,,,,,,,
69027,,,,1348.0,,,,,,,,,
69093,,,,8537.0,,,,,,,,,
69169,,,,1969.0,,,,,,,,,
69375,,,,287.0,,,,,,,,,
69632,,,,392.0,,,,,,,,,
69969,,,,392.0,,,,,,,,,
69975,,,,1348.0,,,,,,,,,
70110,,,,13.0,,,,,,,,,
70125,,,,1348.0,,,,,,,,,
70134,,,,1348.0,,,,,,,,,
70729,,,,1348.0,,,,,,,,,
70963,,,,1227.0,,,,,,,,,
71253,,,,83.0,,,,,,,,,
71311,,,,3445.0,,,,,,,,,
71460,,,,23829.0,,,,,,,,,
71571,,,,392.0,,,,,,,,,
71640,,,,3660.0,,,,,,,,,
71671,,,,1348.0,,,,,,,,,
71716,,,,392.0,,,,,,,,,
71782,,,,83.0,,,,,,,,,
72000,,,,34602.0,,,,,,,,,
72023,,,,392.0,,,,,,,,,
72115,,,,13.0,,,,,,,,,
72230,,,,83.0,,,,,,,,,
72293,,,,13.0,,,,,,,,,
72294,,,,4866.0,,,,,,,,,
72326,,,,1348.0,,,,,,,,,
72447,,,,13.0,,,,,,,,,
72774,,,,23975.0,,,,,,,,,
72953,,,,2816.0,,,,,,,,,
72981,,,,1348.0,,,,,,,,,
73057,,,,13.0,,,,,,,,,
73476,,,,3445.0,,,,,,,,,
73481,,,,392.0,,,,,,,,,
73649,,,,1348.0,,,,,,,,,
73814,,,,595.0,,,,,,,,,
73949,,,,1348.0,,,,,,,,,
74028,,,,2664.0,,,,,,,,,
74029,,,,3445.0,,,,,,,,,
74257,,,,8774.0,,,,,,,,,
74381,,,,13.0,,,,,,,,,
74520,,,,13.0,,,,,,,,,
74827,,,,516.0,,,,,,,,,
74832,,,,1227.0,,,,,,,,,
74945,,,,13.0,,,,,,,,,
74986,,,,1348.0,,,,,,,,,
75363,,,,1348.0,,,,,,,,,
75992,,,,1348.0,,,,,,,,,
76009,,,,35298.0,,,,,,,,,
76255,,,,392.0,,,,,,,,,
76336,,,,48561.0,,,,,,,,,
76521,,,,25553.0,,,,,,,,,
76536,,,,13.0,,,,,,,,,
76643,,,,83.0,,,,,,,,,
76728,,,,2066.0,,,,,,,,,
76773,,,,3445.0,,,,,,,,,
76803,,,,595.0,,,,,,,,,
76921,,,,3445.0,,,,,,,,,
77125,,,,20793.0,,,,,,,,,
77345,,,,881.0,,,,,,,,,
77535,,,,281.0,,,,,,,,,
77581,,,,595.0,,,,,,,,,
77624,,,,83.0,,,,,,,,,
77628,,,,3296.0,,,,,,,,,
77745,,,,6954.0,,,,,,,,,
77746,,,,1348.0,,,,,,,,,
78032,,,,1348.0,,,,,,,,,
78601,,,,4753.0,,,,,,,,,
78608,,,,1348.0,,,,,,,,,
78654,,,,5151.0,,,,,,,,,
78692,,,,1348.0,,,,,,,,,
78797,,,,13.0,,,,,,,,,
78864,,,,13.0,,,,,,,,,
863,,,,,6982.0,,,,,,,,
3573,,,,,649.0,,,,,,,,
5130,,,,,14.0,,,,,,,,
5604,,,,,649.0,,,,,,,,
7798,,,,,14.0,,,,,,,,
9682,,,,,112.0,,,,,,,,
10354,,,,,399.0,,,,,,,,
14669,,,,,41039.0,,,,,,,,
15808,,,,,112.0,,,,,,,,
17812,,,,,12220.0,,,,,,,,
21681,,,,,2158.0,,,,,,,,
22570,,,,,112.0,,,,,,,,
25752,,,,,657.0,,,,,,,,
26445,,,,,12450.0,,,,,,,,
28483,,,,,112.0,,,,,,,,
30899,,,,,399.0,,,,,,,,
33674,,,,,112.0,,,,,,,,
52888,,,,,399.0,,,,,,,,
54233,,,,,399.0,,,,,,,,
62904,,,,,649.0,,,,,,,,
65015,,,,,2424.0,,,,,,,,
71957,,,,,112.0,,,,,,,,
74812,,,,,346.0,,,,,,,,
76530,,,,,346.0,,,,,,,,
77955,,,,,15958.0,,,,,,,,
78102,,,,,1768.0,,,,,,,,
78928,,,,,112.0,,,,,,,,
125,,,,,,4900.0,,,,,,,
140,,,,,,840.0,,,,,,,
432,,,,,,1755.0,,,,,,,
1820,,,,,,1658.0,,,,,,,
2008,,,,,,2233.0,,,,,,,
2014,,,,,,1374.0,,,,,,,
2229,,,,,,2307.0,,,,,,,
2272,,,,,,1052.0,,,,,,,
2598,,,,,,1395.0,,,,,,,
2802,,,,,,7559.0,,,,,,,
3879,,,,,,1658.0,,,,,,,
3959,,,,,,4900.0,,,,,,,
3993,,,,,,2233.0,,,,,,,
4775,,,,,,923.0,,,,,,,
5530,,,,,,633.0,,,,,,,
5591,,,,,,10486.0,,,,,,,
5708,,,,,,23876.0,,,,,,,
5992,,,,,,8626.0,,,,,,,
6098,,,,,,799.0,,,,,,,
6313,,,,,,58.0,,,,,,,
6544,,,,,,4900.0,,,,,,,
6889,,,,,,58.0,,,,,,,
7254,,,,,,1395.0,,,,,,,
7288,,,,,,2546.0,,,,,,,
8798,,,,,,4900.0,,,,,,,
9015,,,,,,1755.0,,,,,,,
9997,,,,,,2233.0,,,,,,,
10135,,,,,,1875.0,,,,,,,
10179,,,,,,11255.0,,,,,,,
10493,,,,,,4900.0,,,,,,,
10497,,,,,,9889.0,,,,,,,
10657,,,,,,5223.0,,,,,,,
11193,,,,,,1395.0,,,,,,,
11346,,,,,,16229.0,,,,,,,
11429,,,,,,1658.0,,,,,,,
11447,,,,,,4900.0,,,,,,,
11487,,,,,,1395.0,,,,,,,
11563,,,,,,58.0,,,,,,,
11705,,,,,,2233.0,,,,,,,
12359,,,,,,1755.0,,,,,,,
12739,,,,,,11846.0,,,,,,,
12814,,,,,,24445.0,,,,,,,
12853,,,,,,18499.0,,,,,,,
12948,,,,,,25814.0,,,,,,,
13212,,,,,,1755.0,,,,,,,
14390,,,,,,35395.0,,,,,,,
15254,,,,,,923.0,,,,,,,
15410,,,,,,2546.0,,,,,,,
15931,,,,,,923.0,,,,,,,
16319,,,,,,58.0,,,,,,,
16417,,,,,,1052.0,,,,,,,
16938,,,,,,1755.0,,,,,,,
16978,,,,,,32451.0,,,,,,,
17199,,,,,,60560.0,,,,,,,
17430,,,,,,2546.0,,,,,,,
18401,,,,,,27276.0,,,,,,,
18859,,,,,,923.0,,,,,,,
18900,,,,,,35395.0,,,,,,,
19030,,,,,,7283.0,,,,,,,
19450,,,,,,10704.0,,,,,,,
20427,,,,,,4900.0,,,,,,,
20817,,,,,,12946.0,,,,,,,
20875,,,,,,7850.0,,,,,,,
21078,,,,,,16229.0,,,,,,,
21478,,,,,,2233.0,,,,,,,
21567,,,,,,923.0,,,,,,,
21823,,,,,,58.0,,,,,,,
23308,,,,,,16229.0,,,,,,,
23348,,,,,,32451.0,,,,,,,
24025,,,,,,1755.0,,,,,,,
24232,,,,,,1658.0,,,,,,,
24349,,,,,,923.0,,,,,,,
24504,,,,,,2233.0,,,,,,,
24610,,,,,,923.0,,,,,,,
25023,,,,,,4900.0,,,,,,,
25150,,,,,,633.0,,,,,,,
25801,,,,,,2233.0,,,,,,,
25953,,,,,,4900.0,,,,,,,
26580,,,,,,1755.0,,,,,,,
26778,,,,,,4900.0,,,,,,,
26930,,,,,,58.0,,,,,,,
27263,,,,,,1658.0,,,,,,,
27361,,,,,,2233.0,,,,,,,
28042,,,,,,633.0,,,,,,,
28494,,,,,,2546.0,,,,,,,
28840,,,,,,2233.0,,,,,,,
29272,,,,,,12946.0,,,,,,,
30265,,,,,,1658.0,,,,,,,
31108,,,,,,4900.0,,,,,,,
32041,,,,,,923.0,,,,,,,
32622,,,,,,2233.0,,,,,,,
32833,,,,,,1395.0,,,,,,,
33428,,,,,,633.0,,,,,,,
33809,,,,,,2546.0,,,,,,,
33963,,,,,,923.0,,,,,,,
34004,,,,,,4900.0,,,,,,,
34423,,,,,,25045.0,,,,,,,
34664,,,,,,4900.0,,,,,,,
35596,,,,,,923.0,,,,,,,
35863,,,,,,4900.0,,,,,,,
36095,,,,,,4900.0,,,,,,,
36467,,,,,,17840.0,,,,,,,
36474,,,,,,1658.0,,,,,,,
36504,,,,,,923.0,,,,,,,
36609,,,,,,23876.0,,,,,,,
36709,,,,,,4900.0,,,,,,,
36738,,,,,,1052.0,,,,,,,
37657,,,,,,1755.0,,,,,,,
37726,,,,,,60560.0,,,,,,,
38087,,,,,,1395.0,,,,,,,
38503,,,,,,2233.0,,,,,,,
38828,,,,,,2546.0,,,,,,,
39239,,,,,,11255.0,,,,,,,
39366,,,,,,6067.0,,,,,,,
39377,,,,,,1270.0,,,,,,,
39700,,,,,,923.0,,,,,,,
39911,,,,,,923.0,,,,,,,
39948,,,,,,7850.0,,,,,,,
40354,,,,,,2233.0,,,,,,,
40579,,,,,,2233.0,,,,,,,
40672,,,,,,923.0,,,,,,,
40847,,,,,,10486.0,,,,,,,
40939,,,,,,1658.0,,,,,,,
40975,,,,,,31631.0,,,,,,,
41090,,,,,,222.0,,,,,,,
41186,,,,,,65702.0,,,,,,,
41199,,,,,,633.0,,,,,,,
41372,,,,,,14516.0,,,,,,,
41896,,,,,,58.0,,,,,,,
41956,,,,,,4900.0,,,,,,,
42295,,,,,,633.0,,,,,,,
42442,,,,,,1658.0,,,,,,,
42527,,,,,,923.0,,,,,,,
42945,,,,,,1395.0,,,,,,,
43347,,,,,,2546.0,,,,,,,
43349,,,,,,34785.0,,,,,,,
43707,,,,,,3621.0,,,,,,,
43817,,,,,,923.0,,,,,,,
44673,,,,,,4900.0,,,,,,,
45119,,,,,,923.0,,,,,,,
45413,,,,,,1052.0,,,,,,,
45696,,,,,,14022.0,,,,,,,
46108,,,,,,25814.0,,,,,,,
46284,,,,,,923.0,,,,,,,
47352,,,,,,923.0,,,,,,,
47438,,,,,,4900.0,,,,,,,
47750,,,,,,923.0,,,,,,,
48110,,,,,,25814.0,,,,,,,
48477,,,,,,18499.0,,,,,,,
48761,,,,,,633.0,,,,,,,
48914,,,,,,923.0,,,,,,,
49333,,,,,,2233.0,,,,,,,
49989,,,,,,1052.0,,,,,,,
50065,,,,,,60560.0,,,,,,,
50617,,,,,,35395.0,,,,,,,
51136,,,,,,20625.0,,,,,,,
51509,,,,,,923.0,,,,,,,
51715,,,,,,35395.0,,,,,,,
51971,,,,,,27276.0,,,,,,,
52313,,,,,,1476.0,,,,,,,
53016,,,,,,923.0,,,,,,,
53200,,,,,,923.0,,,,,,,
54062,,,,,,1395.0,,,,,,,
54657,,,,,,923.0,,,,,,,
54892,,,,,,1755.0,,,,,,,
55200,,,,,,18499.0,,,,,,,
55458,,,,,,923.0,,,,,,,
55778,,,,,,4900.0,,,,,,,
56158,,,,,,51644.0,,,,,,,
56184,,,,,,1658.0,,,,,,,
56438,,,,,,1527.0,,,,,,,
56846,,,,,,4900.0,,,,,,,
57046,,,,,,1755.0,,,,,,,
57744,,,,,,799.0,,,,,,,
58494,,,,,,7283.0,,,,,,,
58705,,,,,,1052.0,,,,,,,
58994,,,,,,923.0,,,,,,,
59205,,,,,,4900.0,,,,,,,
59895,,,,,,799.0,,,,,,,
59950,,,,,,3790.0,,,,,,,
60480,,,,,,923.0,,,,,,,
60616,,,,,,4900.0,,,,,,,
60672,,,,,,2233.0,,,,,,,
61066,,,,,,2546.0,,,,,,,
61099,,,,,,6674.0,,,,,,,
61170,,,,,,923.0,,,,,,,
61425,,,,,,4900.0,,,,,,,
61523,,,,,,2546.0,,,,,,,
62159,,,,,,28333.0,,,,,,,
62752,,,,,,923.0,,,,,,,
63139,,,,,,1755.0,,,,,,,
63220,,,,,,7850.0,,,,,,,
63552,,,,,,27276.0,,,,,,,
63619,,,,,,7850.0,,,,,,,
63716,,,,,,923.0,,,,,,,
64019,,,,,,7850.0,,,,,,,
64157,,,,,,633.0,,,,,,,
64276,,,,,,923.0,,,,,,,
64404,,,,,,2307.0,,,,,,,
65380,,,,,,4900.0,,,,,,,
65897,,,,,,1658.0,,,,,,,
66044,,,,,,1755.0,,,,,,,
66165,,,,,,1755.0,,,,,,,
66191,,,,,,1658.0,,,,,,,
66486,,,,,,2233.0,,,,,,,
66852,,,,,,2546.0,,,,,,,
67080,,,,,,5487.0,,,,,,,
67204,,,,,,56371.0,,,,,,,
67219,,,,,,7283.0,,,,,,,
67229,,,,,,4900.0,,,,,,,
67813,,,,,,10150.0,,,,,,,
67866,,,,,,27276.0,,,,,,,
67920,,,,,,1755.0,,,,,,,
68125,,,,,,1755.0,,,,,,,
68928,,,,,,56371.0,,,,,,,
69164,,,,,,288.0,,,,,,,
69297,,,,,,1755.0,,,,,,,
69395,,,,,,1395.0,,,,,,,
69830,,,,,,923.0,,,,,,,
70088,,,,,,58.0,,,,,,,
70356,,,,,,923.0,,,,,,,
70410,,,,,,633.0,,,,,,,
70419,,,,,,682.0,,,,,,,
70993,,,,,,1755.0,,,,,,,
71187,,,,,,840.0,,,,,,,
71762,,,,,,1755.0,,,,,,,
72090,,,,,,923.0,,,,,,,
72097,,,,,,4900.0,,,,,,,
72797,,,,,,923.0,,,,,,,
73817,,,,,,3312.0,,,,,,,
73932,,,,,,2233.0,,,,,,,
73987,,,,,,7850.0,,,,,,,
74259,,,,,,923.0,,,,,,,
75504,,,,,,923.0,,,,,,,
75912,,,,,,56696.0,,,,,,,
76681,,,,,,633.0,,,,,,,
76682,,,,,,1755.0,,,,,,,
77395,,,,,,35395.0,,,,,,,
77812,,,,,,27276.0,,,,,,,
78081,,,,,,2307.0,,,,,,,
78224,,,,,,1395.0,,,,,,,
2347,,,,,,,1505.0,,,,,,
3581,,,,,,,2914.0,,,,,,
3669,,,,,,,13663.0,,,,,,
3700,,,,,,,1500.0,,,,,,
6842,,,,,,,4436.0,,,,,,
8738,,,,,,,72809.0,,,,,,
9740,,,,,,,8792.0,,,,,,
11392,,,,,,,2719.0,,,,,,
11501,,,,,,,33617.0,,,,,,
12338,,,,,,,3395.0,,,,,,
19748,,,,,,,1505.0,,,,,,
21763,,,,,,,8792.0,,,,,,
23278,,,,,,,21657.0,,,,,,
24805,,,,,,,23671.0,,,,,,
25250,,,,,,,8792.0,,,,,,
28592,,,,,,,10996.0,,,,,,
29917,,,,,,,14572.0,,,,,,
32545,,,,,,,46185.0,,,,,,
34097,,,,,,,3395.0,,,,,,
36869,,,,,,,6356.0,,,,,,
36938,,,,,,,2719.0,,,,,,
39150,,,,,,,2775.0,,,,,,
39973,,,,,,,13663.0,,,,,,
41059,,,,,,,8792.0,,,,,,
43037,,,,,,,1505.0,,,,,,
43237,,,,,,,6356.0,,,,,,
47387,,,,,,,9916.0,,,,,,
48633,,,,,,,14690.0,,,,,,
49048,,,,,,,6836.0,,,,,,
49614,,,,,,,2719.0,,,,,,
50748,,,,,,,3395.0,,,,,,
53387,,,,,,,1500.0,,,,,,
53449,,,,,,,8792.0,,,,,,
58033,,,,,,,1505.0,,,,,,
58104,,,,,,,2665.0,,,,,,
58894,,,,,,,1117.0,,,,,,
59681,,,,,,,3395.0,,,,,,
61223,,,,,,,1505.0,,,,,,
65208,,,,,,,5471.0,,,,,,
65301,,,,,,,8792.0,,,,,,
65605,,,,,,,13613.0,,,,,,
65809,,,,,,,3395.0,,,,,,
67784,,,,,,,1505.0,,,,,,
74404,,,,,,,3395.0,,,,,,
76460,,,,,,,1505.0,,,,,,
3897,,,,,,,,94.0,,,,,
7913,,,,,,,,0.0,,,,,
14762,,,,,,,,0.0,,,,,
39966,,,,,,,,17.0,,,,,
46435,,,,,,,,1115.0,,,,,
55275,,,,,,,,0.0,,,,,
65452,,,,,,,,17.0,,,,,
801,,,,,,,,,50295.0,,,,
814,,,,,,,,,225.0,,,,
1223,,,,,,,,,6755.0,,,,
1445,,,,,,,,,3657.0,,,,
1632,,,,,,,,,9979.0,,,,
2079,,,,,,,,,2063.0,,,,
2108,,,,,,,,,3111.0,,,,
2832,,,,,,,,,78974.0,,,,
2855,,,,,,,,,15391.0,,,,
3713,,,,,,,,,225.0,,,,
4958,,,,,,,,,69099.0,,,,
5351,,,,,,,,,9745.0,,,,
6187,,,,,,,,,607.0,,,,
6677,,,,,,,,,24479.0,,,,
6823,,,,,,,,,3111.0,,,,
8718,,,,,,,,,607.0,,,,
8889,,,,,,,,,225.0,,,,
9016,,,,,,,,,36171.0,,,,
9063,,,,,,,,,18510.0,,,,
9182,,,,,,,,,18510.0,,,,
9394,,,,,,,,,3552.0,,,,
10542,,,,,,,,,607.0,,,,
10906,,,,,,,,,2407.0,,,,
11087,,,,,,,,,9745.0,,,,
12183,,,,,,,,,2063.0,,,,
12474,,,,,,,,,8418.0,,,,
14667,,,,,,,,,56851.0,,,,
14959,,,,,,,,,29210.0,,,,
15779,,,,,,,,,225.0,,,,
16209,,,,,,,,,3111.0,,,,
16310,,,,,,,,,8057.0,,,,
16527,,,,,,,,,225.0,,,,
16580,,,,,,,,,225.0,,,,
17231,,,,,,,,,2413.0,,,,
17901,,,,,,,,,5070.0,,,,
18686,,,,,,,,,225.0,,,,
18694,,,,,,,,,1676.0,,,,
18953,,,,,,,,,2874.0,,,,
19915,,,,,,,,,225.0,,,,
20036,,,,,,,,,3111.0,,,,
20311,,,,,,,,,225.0,,,,
21213,,,,,,,,,59981.0,,,,
21228,,,,,,,,,9979.0,,,,
21378,,,,,,,,,2063.0,,,,
21979,,,,,,,,,6639.0,,,,
22443,,,,,,,,,225.0,,,,
22516,,,,,,,,,2407.0,,,,
23216,,,,,,,,,607.0,,,,
23315,,,,,,,,,1342.0,,,,
23346,,,,,,,,,225.0,,,,
24316,,,,,,,,,2172.0,,,,
26796,,,,,,,,,13751.0,,,,
26911,,,,,,,,,9979.0,,,,
27293,,,,,,,,,225.0,,,,
27414,,,,,,,,,2063.0,,,,
28511,,,,,,,,,4745.0,,,,
28748,,,,,,,,,225.0,,,,
29742,,,,,,,,,8070.0,,,,
29990,,,,,,,,,19327.0,,,,
30074,,,,,,,,,26953.0,,,,
30163,,,,,,,,,14077.0,,,,
31542,,,,,,,,,2063.0,,,,
32419,,,,,,,,,225.0,,,,
32945,,,,,,,,,225.0,,,,
33147,,,,,,,,,225.0,,,,
33927,,,,,,,,,2063.0,,,,
33943,,,,,,,,,4692.0,,,,
34293,,,,,,,,,61810.0,,,,
34687,,,,,,,,,225.0,,,,
34729,,,,,,,,,607.0,,,,
34930,,,,,,,,,2063.0,,,,
35033,,,,,,,,,11936.0,,,,
35238,,,,,,,,,225.0,,,,
35656,,,,,,,,,54472.0,,,,
36173,,,,,,,,,11605.0,,,,
37028,,,,,,,,,225.0,,,,
37571,,,,,,,,,22614.0,,,,
37748,,,,,,,,,225.0,,,,
37926,,,,,,,,,225.0,,,,
37951,,,,,,,,,3111.0,,,,
38307,,,,,,,,,551.0,,,,
38382,,,,,,,,,9979.0,,,,
38420,,,,,,,,,45046.0,,,,
38919,,,,,,,,,2413.0,,,,
39323,,,,,,,,,2413.0,,,,
39661,,,,,,,,,1676.0,,,,
40758,,,,,,,,,1342.0,,,,
41468,,,,,,,,,9745.0,,,,
41545,,,,,,,,,32808.0,,,,
42163,,,,,,,,,8214.0,,,,
43293,,,,,,,,,48449.0,,,,
43745,,,,,,,,,18510.0,,,,
43811,,,,,,,,,6755.0,,,,
44171,,,,,,,,,3111.0,,,,
44759,,,,,,,,,225.0,,,,
45925,,,,,,,,,3046.0,,,,
46570,,,,,,,,,9929.0,,,,
47443,,,,,,,,,225.0,,,,
48126,,,,,,,,,2063.0,,,,
49222,,,,,,,,,3111.0,,,,
50155,,,,,,,,,225.0,,,,
50174,,,,,,,,,45046.0,,,,
50300,,,,,,,,,225.0,,,,
51510,,,,,,,,,3046.0,,,,
52321,,,,,,,,,2172.0,,,,
53085,,,,,,,,,225.0,,,,
53177,,,,,,,,,5614.0,,,,
53582,,,,,,,,,18510.0,,,,
53704,,,,,,,,,9979.0,,,,
53707,,,,,,,,,2407.0,,,,
54282,,,,,,,,,3111.0,,,,
54545,,,,,,,,,1104.0,,,,
55926,,,,,,,,,4692.0,,,,
56102,,,,,,,,,445.0,,,,
56103,,,,,,,,,8214.0,,,,
56141,,,,,,,,,9745.0,,,,
56806,,,,,,,,,225.0,,,,
57127,,,,,,,,,1260.0,,,,
57734,,,,,,,,,49452.0,,,,
59802,,,,,,,,,6755.0,,,,
61218,,,,,,,,,3111.0,,,,
62639,,,,,,,,,9745.0,,,,
62955,,,,,,,,,225.0,,,,
63173,,,,,,,,,9979.0,,,,
64344,,,,,,,,,225.0,,,,
64676,,,,,,,,,225.0,,,,
65042,,,,,,,,,225.0,,,,
65268,,,,,,,,,3111.0,,,,
66007,,,,,,,,,6755.0,,,,
66491,,,,,,,,,4047.0,,,,
66752,,,,,,,,,22628.0,,,,
67098,,,,,,,,,2063.0,,,,
67383,,,,,,,,,9745.0,,,,
67704,,,,,,,,,225.0,,,,
68126,,,,,,,,,607.0,,,,
68237,,,,,,,,,64729.0,,,,
68648,,,,,,,,,225.0,,,,
68891,,,,,,,,,57991.0,,,,
69156,,,,,,,,,9745.0,,,,
69902,,,,,,,,,551.0,,,,
70028,,,,,,,,,4692.0,,,,
70362,,,,,,,,,6049.0,,,,
71046,,,,,,,,,22628.0,,,,
71290,,,,,,,,,36050.0,,,,
71528,,,,,,,,,225.0,,,,
71564,,,,,,,,,1676.0,,,,
73202,,,,,,,,,607.0,,,,
73937,,,,,,,,,3589.0,,,,
74149,,,,,,,,,6755.0,,,,
74192,,,,,,,,,63693.0,,,,
74578,,,,,,,,,6755.0,,,,
74646,,,,,,,,,445.0,,,,
75147,,,,,,,,,225.0,,,,
75395,,,,,,,,,2398.0,,,,
75613,,,,,,,,,9745.0,,,,
78020,,,,,,,,,3657.0,,,,
78419,,,,,,,,,14077.0,,,,
27321,,,,,,,,,,63731.0,,,
34605,,,,,,,,,,3670.0,,,
48942,,,,,,,,,,13647.0,,,
52355,,,,,,,,,,6385.0,,,
55395,,,,,,,,,,7075.0,,,
60841,,,,,,,,,,2393.0,,,
67692,,,,,,,,,,38084.0,,,
3806,,,,,,,,,,,113.0,,
6209,,,,,,,,,,,31.0,,
9404,,,,,,,,,,,12562.0,,
35884,,,,,,,,,,,620.0,,
59118,,,,,,,,,,,13310.0,,
64473,,,,,,,,,,,13310.0,,
65351,,,,,,,,,,,113.0,,
73024,,,,,,,,,,,354.0,,
1706,,,,,,,,,,,,30516.0,
7452,,,,,,,,,,,,4603.0,
12531,,,,,,,,,,,,6832.0,
17450,,,,,,,,,,,,60323.0,
20010,,,,,,,,,,,,362.0,
21409,,,,,,,,,,,,16158.0,
23266,,,,,,,,,,,,1744.0,
28711,,,,,,,,,,,,3015.0,
36344,,,,,,,,,,,,111.0,
36363,,,,,,,,,,,,19582.0,
39457,,,,,,,,,,,,940.0,
42610,,,,,,,,,,,,6880.0,
45115,,,,,,,,,,,,1403.0,
56056,,,,,,,,,,,,1598.0,
60352,,,,,,,,,,,,1403.0,
64307,,,,,,,,,,,,902.0,
67911,,,,,,,,,,,,48152.0,
75380,,,,,,,,,,,,4967.0,
75801,,,,,,,,,,,,1081.0,
517,,,,,,,,,,,,,7981.0
3755,,,,,,,,,,,,,62.0
4754,,,,,,,,,,,,,6285.0
7594,,,,,,,,,,,,,4518.0
8902,,,,,,,,,,,,,245.0
9186,,,,,,,,,,,,,62.0
16358,,,,,,,,,,,,,62.0
23197,,,,,,,,,,,,,4359.0
24251,,,,,,,,,,,,,55.0
26251,,,,,,,,,,,,,4359.0
30471,,,,,,,,,,,,,4359.0
31004,,,,,,,,,,,,,1547.0
31891,,,,,,,,,,,,,62.0
36828,,,,,,,,,,,,,245.0
37163,,,,,,,,,,,,,2694.0
40107,,,,,,,,,,,,,2156.0
41905,,,,,,,,,,,,,2342.0
50685,,,,,,,,,,,,,1571.0
53579,,,,,,,,,,,,,245.0
55111,,,,,,,,,,,,,351.0
56780,,,,,,,,,,,,,2708.0
65259,,,,,,,,,,,,,34785.0
71316,,,,,,,,,,,,,351.0
72948,,,,,,,,,,,,,55.0
77215,,,,,,,,,,,,,55.0
